Pred_prob,FIPS
0.51714781,1001
0.417447212,1003
0.529893173,1005
0.604434452,1007
0.523973879,1009
0.36614574,1011
0.442048359,1013
0.481215409,1015
0.574827787,1017
0.503614264,1019
0.599359768,1021
0.562830923,1023
0.513622742,1025
0.351944287,1027
0.469048039,1029
0.535400489,1031
0.422935752,1033
0.545602362,1035
0.322836754,1037
0.531598669,1039
0.528484786,1041
0.452340154,1043
0.47724567,1045
0.637136161,1047
0.461962803,1049
0.521650684,1051
0.509170331,1053
0.543450462,1055
0.521409167,1057
0.619128812,1059
0.507561491,1061
0.536774949,1063
0.531043113,1065
0.547450595,1067
0.543792595,1069
0.479919165,1071
0.292903111,1073
0.536754663,1075
0.480113236,1077
0.57690714,1079
0.466872185,1081
0.503168121,1083
0.437518164,1085
0.552636791,1087
0.338246225,1089
0.505653478,1091
0.536879658,1093
0.372686441,1095
0.305060661,1097
0.502172716,1099
0.429095963,1101
0.437343652,1103
0.546896887,1105
0.506376817,1107
0.560274923,1109
0.535149565,1111
0.511107813,1113
0.517066809,1115
0.350369772,1117
0.474619874,1119
0.565402421,1121
0.519029018,1123
0.481722516,1125
0.499710799,1127
0.411271145,1129
0.594264657,1131
0.534974175,1133
0.308111121,2013
0.279624438,2016
0.383408782,2020
0.379233298,2050
0.266445206,2060
0.162139036,2068
0.319033286,2070
0.402498363,2090
0.263700699,2100
0.220752233,2105
0.436717294,2110
0.441077217,2122
0.273245768,2130
0.286974994,2150
0.180362662,2164
0.372975671,2170
0.346919008,2180
0.421524217,2185
0.351819445,2188
0.131269376,2195
0.144446423,2198
0.286537946,2220
0.116461443,2230
0.361599102,2240
0.366843996,2261
0.114958191,2275
0.210472587,2282
0.436527886,2290
0.428632987,4001
0.382540727,4003
0.391390292,4005
0.458235648,4007
0.51691964,4009
0.216332524,4011
0.455980864,4012
0.304912064,4013
0.372420121,4015
0.454768256,4017
0.325936196,4019
0.387495187,4021
0.493923436,4023
0.356071132,4025
0.389995589,4027
0.427952403,5001
0.551243972,5003
0.582698437,5005
0.283762944,5007
0.361223082,5009
0.378081817,5011
0.345975717,5013
0.537884245,5015
0.485730391,5017
0.577150034,5019
0.382729599,5021
0.561001405,5023
0.297431475,5025
0.564341432,5027
0.551446743,5029
0.431112741,5031
0.490929278,5033
0.548706854,5035
0.549438595,5037
0.363419722,5039
0.607340927,5041
0.358446437,5043
0.607461961,5045
0.278771676,5047
0.221209192,5049
0.451751483,5051
0.422278686,5053
0.420098868,5055
0.541692725,5057
0.533350555,5059
0.542086122,5061
0.531267619,5063
0.429144177,5065
0.493561201,5067
0.495332565,5069
0.310077989,5071
0.378116774,5073
0.588184361,5075
0.340396889,5077
0.29585937,5079
0.470748744,5081
0.396536487,5083
0.519219837,5085
0.333509779,5087
0.451061989,5089
0.478463036,5091
0.5219232,5093
0.506958947,5095
0.522731547,5097
0.224316546,5099
0.470479441,5101
0.518751184,5103
0.250811059,5105
0.487830411,5107
0.585876491,5109
0.542162193,5111
0.60547297,5113
0.505603318,5115
0.364023809,5117
0.414808263,5119
0.609773416,5121
0.471158171,5123
0.543390075,5125
0.269968414,5127
0.312245389,5129
0.499806063,5131
0.434238406,5133
0.339883222,5135
0.273589725,5137
0.462535212,5139
0.437311944,5141
0.433730761,5143
0.521828771,5145
0.226769481,5147
0.521647209,5149
0.247248148,6001
0.157808433,6003
0.541194585,6005
0.375295,6007
0.530779341,6009
0.346173061,6011
0.216910909,6013
0.418702419,6015
0.389627396,6017
0.242979472,6019
0.477430901,6021
0.362624348,6023
0.518840154,6025
0.32314057,6027
0.304571588,6029
0.442709874,6031
0.460726007,6033
0.488088356,6035
0.24380207,6037
0.492869236,6039
0.343140808,6041
0.381943058,6043
0.436871829,6045
0.403657543,6047
0.386108292,6049
0.466783566,6051
0.249321224,6053
0.345846523,6055
0.298265799,6057
0.225126226,6059
0.275631948,6061
0.355869995,6063
0.277560302,6065
0.258373016,6067
0.447367993,6069
0.295362399,6071
0.26539505,6073
0.283499003,6075
0.263025736,6077
0.293318555,6079
0.231426315,6081
0.216712256,6083
0.199094242,6085
0.279769546,6087
0.352271971,6089
0.327234362,6091
0.47737614,6093
0.3417176,6095
0.286870723,6097
0.280014395,6099
0.473511176,6101
0.468830026,6103
0.433037482,6105
0.324545807,6107
0.428048363,6109
0.225574947,6111
0.407954562,6113
0.449646233,6115
0.282294248,8001
0.323550485,8003
0.276130344,8005
0.338046038,8007
0.218243557,8009
0.254616578,8011
0.323973323,8013
0.285636808,8014
0.347062383,8015
0.227613545,8017
0.266778788,8019
0.37277809,8021
0.241878369,8023
0.211905394,8025
0.132004624,8027
0.440217483,8029
0.202266443,8031
0.151489198,8033
0.327939273,8035
0.3186838,8037
0.168246084,8039
0.232972241,8041
0.403840015,8043
0.34163064,8045
0.197974416,8047
0.377038774,8049
0.386476965,8051
0.169293444,8053
0.364153089,8055
0.130276072,8057
0.24241646,8059
0.202385723,8061
0.332224395,8063
0.231732746,8065
0.407455327,8067
0.280185157,8069
0.3525846,8071
0.283214916,8073
0.369779698,8075
0.376464392,8077
0.122382043,8079
0.236798465,8081
0.340807167,8083
0.383635866,8085
0.40527909,8087
0.355314241,8089
0.289997254,8091
0.351139646,8093
0.227513554,8095
0.251054593,8097
0.370177429,8099
0.372616742,8101
0.145843471,8103
0.300739707,8105
0.327154345,8107
0.239085362,8109
0.137220957,8111
0.254081323,8113
0.139368956,8115
0.368555411,8117
0.301646728,8119
0.183402937,8121
0.390153053,8123
0.354290168,8125
0.178663269,9001
0.180690068,9003
0.379178377,9005
0.258885483,9007
0.214599182,9009
0.369724191,9011
0.378218321,9013
0.427768374,9015
0.495772162,10001
0.234311107,10003
0.396001083,10005
0.326187762,11001
0.467463891,12001
0.543729288,12003
0.448378881,12005
0.564586292,12007
0.335106193,12009
0.269413353,12011
0.258365775,12013
0.405229521,12015
0.427712662,12017
0.453612647,12019
0.318765538,12021
0.536150188,12023
0.524535516,12027
0.529889089,12029
0.319849052,12031
0.424593787,12033
0.485328567,12035
0.380689699,12037
0.489893551,12039
0.513589686,12041
0.236166542,12043
0.444614233,12045
0.501408507,12047
0.596312617,12049
0.625928614,12051
0.418469361,12053
0.5086695,12055
0.333205904,12057
0.486058582,12059
0.318171513,12061
0.559014725,12063
0.313384449,12065
0.240628274,12067
0.407874425,12069
0.274555472,12071
0.420879644,12073
0.564813984,12075
0.276588662,12077
0.351387282,12079
0.528069306,12081
0.414374961,12083
0.397536918,12085
0.300517137,12086
0.541376977,12087
0.414979532,12089
0.386416837,12091
0.534753152,12093
0.262228226,12095
0.397617031,12097
0.274593396,12099
0.398033914,12101
0.292166314,12103
0.413591751,12105
0.529322155,12107
0.357908553,12109
0.450660338,12111
0.439643822,12113
0.245234219,12115
0.29690997,12117
0.527135398,12119
0.467849644,12121
0.323625428,12123
0.233978917,12125
0.39802131,12127
0.3911213,12129
0.43080725,12131
0.295429682,12133
0.320325329,13001
0.475283165,13003
0.302553687,13005
0.243143494,13007
0.56819603,13009
0.302450142,13011
0.549788119,13013
0.499761952,13015
0.309342294,13017
0.511233168,13019
0.593910545,13021
0.359690998,13023
0.440863845,13025
0.428187424,13027
0.453645559,13029
0.417284546,13031
0.391959226,13033
0.394203043,13035
0.30003495,13037
0.652548878,13039
0.35315562,13043
0.592802173,13045
0.577999481,13047
0.390450948,13049
0.414913882,13051
0.29458755,13053
0.377083328,13055
0.452570404,13057
0.40336021,13059
0.276589546,13061
0.411981938,13063
0.294863927,13065
0.302800472,13067
0.513442739,13069
0.570007287,13071
0.566131026,13073
0.475418194,13075
0.606501783,13077
0.293952868,13079
0.570512192,13081
0.479519759,13083
0.450047556,13085
0.546990176,13087
0.371772628,13089
0.57568217,13091
0.381996696,13093
0.494688774,13095
0.467172791,13097
0.457712464,13099
0.260191953,13101
0.46386954,13103
0.490986147,13105
0.605769403,13107
0.30549479,13109
0.625272309,13111
0.370882391,13113
0.42579916,13115
0.380422118,13117
0.445265491,13119
0.263162117,13121
0.470214896,13123
0.222750623,13125
0.58435378,13127
0.512867661,13129
0.376667763,13131
0.414977817,13133
0.332864191,13135
0.554545852,13137
0.400959725,13139
0.301619358,13141
0.646697129,13143
0.648754563,13145
0.437457541,13147
0.429268644,13149
0.479135994,13151
0.395281093,13153
0.264410898,13155
0.609973131,13157
0.343200071,13159
0.650345071,13161
0.608957743,13163
0.212433055,13165
0.276604501,13167
0.336687824,13169
0.378641726,13171
0.210342833,13173
0.503789696,13175
0.46021173,13177
0.427340482,13179
0.204864185,13181
0.365318893,13183
0.392609018,13185
0.378472335,13187
0.421760706,13189
0.377386261,13191
0.650265373,13193
0.464620477,13195
0.474563926,13197
0.540410398,13199
0.398484753,13201
0.649048528,13205
0.647722487,13207
0.258360535,13209
0.547565669,13211
0.628051292,13213
0.460278009,13215
0.50099873,13217
0.389368321,13219
0.228180952,13221
0.59174028,13223
0.379274141,13225
0.646038009,13227
0.505013766,13229
0.426289085,13231
0.510093932,13233
0.293015992,13235
0.395498999,13237
0.244438491,13239
0.579174686,13241
0.237255097,13243
0.532434563,13245
0.47288074,13247
0.202839554,13249
0.391269239,13251
0.480095549,13253
0.614388202,13255
0.424209373,13257
0.289551707,13259
0.539439654,13261
0.390603426,13263
0.248050251,13265
0.621988877,13267
0.409296188,13269
0.502493992,13271
0.497321564,13273
0.613157774,13275
0.649881379,13277
0.642155549,13279
0.324413443,13281
0.19337153,13283
0.61936495,13285
0.291322678,13287
0.348679642,13289
0.595886841,13291
0.497262622,13293
0.635782748,13295
0.499843474,13297
0.538042554,13299
0.246360781,13301
0.6081843,13303
0.55356772,13305
0.180383628,13307
0.40154347,13309
0.58253972,13311
0.473834907,13313
0.246146333,13315
0.567527252,13317
0.479291817,13319
0.50173521,13321
0.457863723,15001
0.218198558,15003
0.151139091,15005
0.441485925,15007
0.493486637,15009
0.280619549,16001
0.185006721,16003
0.420219531,16005
0.355717713,16007
0.35640617,16009
0.513545833,16011
0.34105977,16013
0.291094299,16015
0.391696951,16017
0.358735447,16019
0.240761772,16021
0.164883446,16023
0.191148753,16025
0.381590565,16027
0.353816702,16029
0.344935276,16031
0.170221841,16033
0.420186479,16035
0.345143599,16037
0.335831372,16039
0.237543056,16041
0.23512151,16043
0.194606876,16045
0.446218795,16047
0.419166528,16049
0.292949955,16051
0.2006941,16053
0.365092408,16055
0.450696539,16057
0.37470266,16059
0.310512892,16061
0.289624115,16063
0.319879627,16065
0.385763346,16067
0.399426504,16069
0.285596196,16071
0.387213403,16073
0.404380344,16075
0.152320485,16077
0.364014299,16079
0.151802233,16081
0.329486565,16083
0.410028414,16085
0.43262629,16087
0.460094076,17001
0.295391171,17003
0.462889726,17005
0.524689721,17007
0.251442551,17009
0.363411508,17011
0.364810414,17013
0.4018634,17015
0.452898523,17017
0.489010195,17019
0.456896007,17021
0.388791671,17023
0.501389626,17025
0.526861903,17027
0.396377351,17029
0.251090167,17031
0.567734365,17033
0.306590816,17035
0.500526613,17037
0.348967339,17039
0.564256208,17041
0.26128177,17043
0.350957144,17045
0.40115043,17047
0.535964471,17049
0.482812923,17051
0.334747958,17053
0.503765269,17055
0.594075775,17057
0.252946605,17059
0.447348117,17061
0.562115265,17063
0.216846256,17065
0.553444387,17067
0.192080499,17069
0.25942558,17071
0.49336312,17073
0.465582536,17075
0.495877356,17077
0.224433558,17079
0.519547681,17081
0.475731965,17083
0.520425635,17085
0.341392073,17087
0.27697144,17089
0.480599175,17091
0.587691348,17093
0.348934385,17095
0.273830569,17097
0.439945208,17099
0.496011037,17101
0.494561046,17103
0.524653288,17105
0.510371045,17107
0.44882317,17109
0.323467169,17111
0.335373841,17113
0.45631437,17115
0.531629906,17117
0.409741556,17119
0.559354689,17121
0.401142617,17123
0.443975923,17125
0.431065931,17127
0.241328186,17129
0.36963131,17131
0.414443689,17133
0.418303587,17135
0.474918714,17137
0.269219757,17139
0.499588942,17141
0.416564776,17143
0.469294191,17145
0.326640422,17147
0.506245101,17149
0.175566421,17151
0.50505812,17153
0.284488192,17155
0.498741667,17157
0.33223646,17159
0.524577074,17161
0.381037373,17163
0.562665079,17165
0.375905489,17167
0.172447499,17169
0.284681554,17171
0.547618976,17173
0.344073253,17175
0.533836982,17177
0.368132059,17179
0.559228369,17181
0.540356691,17183
0.253794476,17185
0.425980803,17187
0.332763864,17189
0.42337705,17191
0.512065744,17193
0.481248653,17195
0.327939638,17197
0.457544546,17199
0.417064335,17201
0.483808614,17203
0.476413805,18001
0.306809926,18003
0.535659105,18005
0.281354974,18007
0.459615962,18009
0.456854404,18011
0.32031805,18013
0.541645922,18015
0.520765237,18017
0.498687161,18019
0.503690951,18021
0.490078415,18023
0.30515171,18025
0.461990871,18027
0.444083731,18029
0.544057355,18031
0.483966033,18033
0.42702761,18035
0.555118434,18037
0.343393773,18039
0.549764075,18041
0.525967389,18043
0.449820374,18045
0.513367502,18047
0.521279857,18049
0.501566528,18051
0.560535917,18053
0.55630085,18055
0.365998117,18057
0.413139026,18059
0.465403299,18061
0.391268025,18063
0.548406611,18065
0.525758371,18067
0.558208349,18069
0.4660484,18071
0.530399814,18073
0.352449733,18075
0.506320851,18077
0.250729536,18079
0.448200278,18081
0.498412849,18083
0.506006759,18085
0.517375313,18087
0.337801006,18089
0.605137292,18091
0.613854759,18093
0.448858373,18095
0.270615712,18097
0.607865497,18099
0.381347147,18101
0.469824837,18103
0.410599194,18105
0.435791431,18107
0.485739886,18109
0.483193938,18111
0.491101801,18113
0.15303047,18115
0.564128042,18117
0.354244439,18119
0.333347117,18121
0.430591059,18123
0.529686792,18125
0.368079483,18127
0.475404577,18129
0.484353503,18131
0.415506261,18133
0.430397628,18135
0.541284525,18137
0.499130213,18139
0.389944806,18141
0.46661296,18143
0.559126766,18145
0.40919546,18147
0.593541051,18149
0.555276655,18151
0.512542961,18153
0.242522037,18155
0.399668277,18157
0.280424592,18159
0.235305558,18161
0.46855756,18163
0.548283326,18165
0.420058358,18167
0.527434955,18169
0.312116378,18171
0.408383099,18173
0.48517815,18175
0.517806834,18177
0.443792598,18179
0.504031058,18181
0.50820392,18183
0.413928638,19001
0.188855029,19003
0.438879216,19005
0.538584796,19007
0.254296975,19009
0.432803831,19011
0.440561323,19013
0.344400338,19015
0.507587198,19017
0.442145835,19019
0.470004419,19021
0.537861961,19023
0.378179674,19025
0.374177315,19027
0.454173545,19029
0.428804254,19031
0.374005238,19033
0.301207659,19035
0.497437137,19037
0.367830717,19039
0.345158818,19041
0.472263046,19043
0.42092263,19045
0.54748767,19047
0.342495825,19049
0.199559764,19051
0.293979023,19053
0.431898574,19055
0.418886558,19057
0.415098718,19059
0.394020132,19061
0.370283672,19063
0.386893559,19065
0.288379705,19067
0.253046225,19069
0.379129476,19071
0.225070265,19073
0.285183539,19075
0.262887722,19077
0.401225627,19079
0.475078111,19081
0.444492415,19083
0.452481145,19085
0.459270453,19087
0.370639161,19089
0.380086459,19091
0.250314611,19093
0.348664334,19095
0.5044479,19097
0.376402753,19099
0.438406188,19101
0.477047715,19103
0.428493019,19105
0.446670322,19107
0.474214554,19109
0.492254656,19111
0.348129172,19113
0.393118321,19115
0.24676607,19117
0.432607088,19119
0.27181853,19121
0.394329753,19123
0.486669047,19125
0.449755734,19127
0.273380148,19129
0.393425658,19131
0.31148263,19133
0.307112052,19135
0.40319052,19137
0.498561678,19139
0.3765292,19141
0.243916124,19143
0.397286173,19145
0.382395014,19147
0.347556267,19149
0.300792468,19151
0.311483389,19153
0.530175301,19155
0.461499207,19157
0.336246381,19159
0.371965182,19161
0.327171504,19163
0.342207222,19165
0.402935373,19167
0.407986073,19169
0.410934141,19171
0.302245795,19173
0.29941784,19175
0.611886538,19177
0.48888613,19179
0.484846936,19181
0.385537935,19183
0.317323487,19185
0.48656053,19187
0.347714169,19189
0.461120403,19191
0.491224816,19193
0.222249463,19195
0.3815096,19197
0.43483985,20001
0.386940306,20003
0.494242227,20005
0.406882546,20007
0.397452238,20009
0.288191199,20011
0.219080664,20013
0.458011853,20015
0.194671939,20017
0.173316135,20019
0.422844917,20021
0.373016569,20023
0.299273522,20025
0.217501292,20027
0.29518519,20029
0.395559097,20031
0.240978293,20033
0.394084138,20035
0.422993053,20037
0.103955438,20039
0.398861537,20041
0.482724026,20043
0.385719078,20045
0.134848643,20047
0.247019727,20049
0.427222569,20051
0.217870637,20053
0.398782459,20055
0.371022662,20057
0.292909621,20059
0.389503256,20061
0.310546455,20063
0.208166512,20065
0.245524775,20067
0.220250435,20069
0.150716798,20071
0.456121185,20073
0.165503051,20075
0.269340759,20077
0.424746373,20079
0.240142486,20081
0.174515587,20083
0.416934662,20085
0.516100681,20087
0.209895618,20089
0.232273667,20091
0.162514692,20093
0.192751176,20095
0.221215182,20097
0.483617022,20099
0.172084173,20101
0.38399043,20103
0.16319473,20105
0.356135032,20107
0.145152555,20109
0.407215048,20111
0.477437315,20113
0.443706583,20115
0.437596521,20117
0.263688657,20119
0.365206066,20121
0.321579885,20123
0.425602652,20125
0.293009792,20127
0.234529816,20129
0.485351386,20131
0.517944964,20133
0.216071171,20135
0.415316471,20137
0.398798575,20139
0.300732129,20141
0.241174105,20143
0.288597636,20145
0.364072658,20147
0.384955608,20149
0.324485424,20151
0.218763878,20153
0.417298456,20155
0.28011757,20157
0.496331407,20159
0.359706904,20161
0.288068012,20163
0.243033527,20165
0.444009821,20167
0.443339541,20169
0.179011571,20171
0.215822943,20173
0.290116802,20175
0.340209971,20177
0.184204191,20179
0.263029274,20181
0.346974881,20183
0.258587708,20185
0.154644387,20187
0.139073588,20189
0.379630508,20191
0.274965112,20193
0.195200719,20195
0.233976158,20197
0.130989042,20199
0.469783769,20201
0.169034243,20203
0.299169943,20205
0.248030298,20207
0.399419264,20209
0.348820646,21001
0.486502472,21003
0.317981569,21005
0.351869399,21007
0.596945073,21009
0.570723676,21011
0.581587105,21013
0.491940261,21015
0.366080159,21017
0.559446403,21019
0.580543436,21021
0.323229398,21023
0.598572781,21025
0.530269508,21027
0.593434575,21029
0.576135375,21031
0.482418146,21033
0.429747594,21035
0.441865565,21037
0.187873455,21039
0.368156262,21041
0.597316332,21043
0.641617413,21045
0.596472853,21047
0.506267394,21049
0.408531298,21051
0.521575258,21053
0.354979498,21055
0.34448749,21057
0.582631845,21059
0.424644502,21061
0.304235929,21063
0.419987831,21065
0.416109754,21067
0.60721116,21069
0.6012951,21071
0.533936972,21073
0.379806593,21075
0.360461335,21077
0.302885103,21079
0.355973309,21081
0.431144193,21083
0.514132868,21085
0.347254452,21087
0.585216837,21089
0.210032705,21091
0.53053494,21093
0.465036283,21095
0.56686262,21097
0.544814425,21099
0.585299152,21101
0.322988214,21103
0.304611503,21105
0.555907941,21107
0.335054652,21109
0.324161049,21111
0.530379938,21113
0.338058342,21115
0.423401537,21117
0.387819196,21119
0.642641821,21121
0.45585982,21123
0.575988908,21125
0.598081289,21127
0.296310269,21129
0.500283976,21131
0.638695863,21133
0.640140078,21135
0.644930312,21137
0.448319763,21139
0.554311292,21141
0.231347749,21143
0.529919,21145
0.61307328,21147
0.371645165,21149
0.630408019,21151
0.358824563,21153
0.5377103,21155
0.569691199,21157
0.411017971,21159
0.635632912,21161
0.520867833,21163
0.260776857,21165
0.552248746,21167
0.348863779,21169
0.547403439,21171
0.530670163,21173
0.616410514,21175
0.652855815,21177
0.537098323,21179
0.379403067,21181
0.372107484,21183
0.463539885,21185
0.349682417,21187
0.274393882,21189
0.339527517,21191
0.614074969,21193
0.594386225,21195
0.438723626,21197
0.531591224,21199
0.20829986,21201
0.522143778,21203
0.659579402,21205
0.498288386,21207
0.530732727,21209
0.544584828,21211
0.468512723,21213
0.297387697,21215
0.534868455,21217
0.455927753,21219
0.511656656,21221
0.230620372,21223
0.567918417,21225
0.555300697,21227
0.444933526,21229
0.525478968,21231
0.557677997,21233
0.444684777,21235
0.428992476,21237
0.544986494,21239
0.545583172,22001
0.46033234,22003
0.375311934,22005
0.411596436,22007
0.463355965,22009
0.466636022,22011
0.265480166,22013
0.615694221,22015
0.360960163,22017
0.435547928,22019
0.522701126,22021
0.469114344,22023
0.255304339,22025
0.52374724,22027
0.444762711,22029
0.435647737,22031
0.224043122,22033
0.398881713,22035
0.436130192,22037
0.619897534,22039
0.645042404,22041
0.428619829,22043
0.432097078,22045
0.583602643,22047
0.35145266,22049
0.356901304,22051
0.612417781,22053
0.361358758,22055
0.552797912,22057
0.279229005,22059
0.266514211,22061
0.525021931,22063
0.241209555,22065
0.605881963,22067
0.576557871,22069
0.284239568,22071
0.427781816,22073
0.508971228,22075
0.511853702,22077
0.500570758,22079
0.258938219,22081
0.537553476,22083
0.645463497,22085
0.396954391,22087
0.452671585,22089
0.225780805,22091
0.654892069,22093
0.654121022,22095
0.499592864,22097
0.621694127,22099
0.582017893,22101
0.328137914,22103
0.469054879,22105
0.286766571,22107
0.637912321,22109
0.518822566,22111
0.499251624,22113
0.582130871,22115
0.486177973,22117
0.643599634,22119
0.531767289,22121
0.555511152,22123
0.563860117,22125
0.442368235,22127
0.481962995,23001
0.60677777,23003
0.307427598,23005
0.554308705,23007
0.415622673,23009
0.57925939,23011
0.542484693,23013
0.56964392,23015
0.471239053,23017
0.494526517,23019
0.603295719,23021
0.427762428,23023
0.57242356,23025
0.507535663,23027
0.529333787,23029
0.424177749,23031
0.609727187,24001
0.236201989,24003
0.24806332,24005
0.471673212,24009
0.597547038,24011
0.454140709,24013
0.541753235,24015
0.399972457,24017
0.534558947,24019
0.447238999,24021
0.470938036,24023
0.368958787,24025
0.370256199,24027
0.363951046,24029
0.324178574,24031
0.233899412,24033
0.508316812,24035
0.340955817,24037
0.556093362,24039
0.521105408,24041
0.494296406,24043
0.440567505,24045
0.569051634,24047
0.345452245,24510
0.305222755,25001
0.370476463,25003
0.329770149,25005
0.53949485,25007
0.227127541,25009
0.544857226,25011
0.297210722,25013
0.466330377,25015
0.23069728,25017
0.331683573,25019
0.240077866,25021
0.246114955,25023
0.370699618,25025
0.246053664,25027
0.481879986,26001
0.509561991,26003
0.487615331,26005
0.602317507,26007
0.519565921,26009
0.551963787,26011
0.390856817,26013
0.53356308,26015
0.52500816,26017
0.51633718,26019
0.450772676,26021
0.431810527,26023
0.585777491,26025
0.547438041,26027
0.472307102,26029
0.504460307,26031
0.475151527,26033
0.502137309,26035
0.408118876,26037
0.332264445,26039
0.497101132,26041
0.473156841,26043
0.408937482,26045
0.530972594,26047
0.40621331,26049
0.494196959,26051
0.529363643,26053
0.484853435,26055
0.568192012,26057
0.560977729,26059
0.590493832,26061
0.41970718,26063
0.474696517,26065
0.581963934,26067
0.607735719,26069
0.414662081,26071
0.499762331,26073
0.402474001,26075
0.479021735,26077
0.548377093,26079
0.316015313,26081
0.209887432,26083
0.359244824,26085
0.518632728,26087
0.500413439,26089
0.428519806,26091
0.496734447,26093
0.419164061,26095
0.489054642,26097
0.32288636,26099
0.641580261,26101
0.482152086,26103
0.620582572,26105
0.530013063,26107
0.544626206,26109
0.392426521,26111
0.413253351,26113
0.437282205,26115
0.653895792,26117
0.415409136,26119
0.438823064,26121
0.480611609,26123
0.237264608,26125
0.580200147,26127
0.516648589,26129
0.486951247,26131
0.558785349,26133
0.412966453,26135
0.518558418,26137
0.35709268,26139
0.505109595,26141
0.4937887,26143
0.41507331,26145
0.517477747,26147
0.604741583,26149
0.655065461,26151
0.485424481,26153
0.545787169,26155
0.539905446,26157
0.479564346,26159
0.256518139,26161
0.364400293,26163
0.666814276,26165
0.367294967,27001
0.350386401,27003
0.41482814,27005
0.396275107,27007
0.463453514,27009
0.336929131,27011
0.390152794,27013
0.442652161,27015
0.48256087,27017
0.409314121,27019
0.388057655,27021
0.40666768,27023
0.408693217,27025
0.376271224,27027
0.411693972,27029
0.412994257,27031
0.488864606,27033
0.410948642,27035
0.229389072,27037
0.37277781,27039
0.370429023,27041
0.413504623,27043
0.488819596,27045
0.358583472,27047
0.381308966,27049
0.349498586,27051
0.228413816,27053
0.389478844,27055
0.38454058,27057
0.401165439,27059
0.41359369,27061
0.266119546,27063
0.233365773,27065
0.344689404,27067
0.257132903,27069
0.449749483,27071
0.206119312,27073
0.293998101,27075
0.289845016,27077
0.344217076,27079
0.362551933,27081
0.473934282,27083
0.389863125,27085
0.278728126,27087
0.374048228,27089
0.402475667,27091
0.440035848,27093
0.406640142,27095
0.426145774,27097
0.392142309,27099
0.254887651,27101
0.430557264,27103
0.359978109,27105
0.319355709,27107
0.385870089,27109
0.456729305,27111
0.449765012,27113
0.443923372,27115
0.412177761,27117
0.451127623,27119
0.366813891,27121
0.271018158,27123
0.336846995,27125
0.375198476,27127
0.448321665,27129
0.389122631,27131
0.169105422,27133
0.396940804,27135
0.321114998,27137
0.360071531,27139
0.338762882,27141
0.286775849,27143
0.454888829,27145
0.467322338,27147
0.39645457,27149
0.409285574,27151
0.404602848,27153
0.206320461,27155
0.420254011,27157
0.441100325,27159
0.359338462,27161
0.287177809,27163
0.340219908,27165
0.184787571,27167
0.353532497,27169
0.380604231,27171
0.303587999,27173
0.374878083,28001
0.612746272,28003
0.304563396,28005
0.569764135,28007
0.337816185,28009
0.662079228,28011
0.513298154,28013
0.321041513,28015
0.392377013,28017
0.533430811,28019
0.4447368,28021
0.604988133,28023
0.536598766,28025
0.617904046,28027
0.560461547,28029
0.557028392,28031
0.521601972,28033
0.428338395,28035
0.317967991,28037
0.449538035,28039
0.54301358,28041
0.587261111,28043
0.577387028,28045
0.400890349,28047
0.414795409,28049
0.567983519,28051
0.454212732,28053
0.205711291,28055
0.633987122,28057
0.499753044,28059
0.39305882,28061
0.30893243,28063
0.505355983,28065
0.647294232,28067
0.3432231,28069
0.523317115,28071
0.500708353,28073
0.502811907,28075
0.586024575,28077
0.372381027,28079
0.411669036,28081
0.524117316,28083
0.495748255,28085
0.565036519,28087
0.483694337,28089
0.47140725,28091
0.589304628,28093
0.66416137,28095
0.367523827,28097
0.490835035,28099
0.517720294,28101
0.448030014,28103
0.394603471,28105
0.445121828,28107
0.603678833,28109
0.393345023,28111
0.632831608,28113
0.628150993,28115
0.574247403,28117
0.430353084,28119
0.643361956,28121
0.58798315,28123
0.308424132,28125
0.664349247,28127
0.556473431,28129
0.469401471,28131
0.610845618,28133
0.388039276,28135
0.464384645,28137
0.630729589,28139
0.5808998,28141
0.317099959,28143
0.415351315,28145
0.373779679,28147
0.480740951,28149
0.608119976,28151
0.507063267,28153
0.465566959,28155
0.539630509,28157
0.576140541,28159
0.375492194,28161
0.494848629,28163
0.444076227,29001
0.378355379,29003
0.399074009,29005
0.417516893,29007
0.523755972,29009
0.277439538,29011
0.399907031,29013
0.463583882,29015
0.319347431,29017
0.358055537,29019
0.467556526,29021
0.548598262,29023
0.432418444,29025
0.489506804,29027
0.434373899,29029
0.454215541,29031
0.27211174,29033
0.492815185,29035
0.464727748,29037
0.348855147,29039
0.360573704,29041
0.541028569,29043
0.221588803,29045
0.371323214,29047
0.322534911,29049
0.40431434,29051
0.406805136,29053
0.348502726,29055
0.227705714,29057
0.399533106,29059
0.407363118,29061
0.416237321,29063
0.467514978,29065
0.281491512,29067
0.57550195,29069
0.530961358,29071
0.478891905,29073
0.399715839,29075
0.397839333,29077
0.545542631,29079
0.522056182,29081
0.374544524,29083
0.192323235,29085
0.285873609,29087
0.429672349,29089
0.468827415,29091
0.449556516,29093
0.292483146,29095
0.532634054,29097
0.393714081,29099
0.577746791,29101
0.127466787,29103
0.552139101,29105
0.460775251,29107
0.490835489,29109
0.239830875,29111
0.465864781,29113
0.240224159,29115
0.43100938,29117
0.479754482,29119
0.354668938,29121
0.294228651,29123
0.282369704,29125
0.518889084,29127
0.159715303,29129
0.486410511,29131
0.523577484,29133
0.467720414,29135
0.253890757,29137
0.490772472,29139
0.572797756,29141
0.546934894,29143
0.563037936,29145
0.225372238,29147
0.550063953,29149
0.442331424,29151
0.429787452,29153
0.549352732,29155
0.429369833,29157
0.564160944,29159
0.536026287,29161
0.485546283,29163
0.462349203,29165
0.429480876,29167
0.391204562,29169
0.237449747,29171
0.421844902,29173
0.387538538,29175
0.44504834,29177
0.257202866,29179
0.302018306,29181
0.348408883,29183
0.508286428,29185
0.442869283,29186
0.542149721,29187
0.24972435,29189
0.565600611,29195
0.462580656,29197
0.266141564,29199
0.519665134,29201
0.477707414,29203
0.250476869,29205
0.548121542,29207
0.597042484,29209
0.372212233,29211
0.4870813,29213
0.540475635,29215
0.321391773,29217
0.400856285,29219
0.367701338,29221
0.522279397,29223
0.635127705,29225
0.142437329,29227
0.563862266,29229
0.402698931,29510
0.414910191,30001
0.374614531,30003
0.374372242,30005
0.131001517,30007
0.324470391,30009
0.214051596,30011
0.483128022,30013
0.353379894,30015
0.271868188,30017
0.257878499,30019
0.408622824,30021
0.362599193,30023
0.119260167,30025
0.414408957,30027
0.435034779,30029
0.373541272,30031
0.155607657,30033
0.408315891,30035
0.131950738,30037
0.243380358,30039
0.240402412,30041
0.360733633,30043
0.307684357,30045
0.385864867,30047
0.386816885,30049
0.231015622,30051
0.500883064,30053
0.15110706,30055
0.363466131,30057
0.230421176,30059
0.401657293,30061
0.475698936,30063
0.229437787,30065
0.467024083,30067
0.151229415,30069
0.29057358,30071
0.234121991,30073
0.140227264,30075
0.258964656,30077
0.144030405,30079
0.456705679,30081
0.263391324,30083
0.445455459,30085
0.407508883,30087
0.452244479,30089
0.215063174,30091
0.370039031,30093
0.347638035,30095
0.133664845,30097
0.249557801,30099
0.371689637,30101
0.133852711,30103
0.350645963,30105
0.262542499,30107
0.176262211,30109
0.45485198,30111
0.535789122,31001
0.407923337,31003
0.158234036,31005
0.164786708,31007
0.171638368,31009
0.441381886,31011
0.430230458,31013
0.391586713,31015
0.381551155,31017
0.405744005,31019
0.265756225,31021
0.297581702,31023
0.405854402,31025
0.314955284,31027
0.31844172,31029
0.389091868,31031
0.322463167,31033
0.316220252,31035
0.379628475,31037
0.282183423,31039
0.438147486,31041
0.454671686,31043
0.278843071,31045
0.437301613,31047
0.177878608,31049
0.27497569,31051
0.381659992,31053
0.21960028,31055
0.14599555,31057
0.379290485,31059
0.298942226,31061
0.370062283,31063
0.442898147,31065
0.332280835,31067
0.18266602,31069
0.29558408,31071
0.244237119,31073
0.210717679,31075
0.343798895,31077
0.430524975,31079
0.213506474,31081
0.157719663,31083
0.140811776,31085
0.287584356,31087
0.410931159,31089
0.189223778,31091
0.389514646,31093
0.276840909,31095
0.406298772,31097
0.29835482,31099
0.332480801,31101
0.17550443,31103
0.189024235,31105
0.446790223,31107
0.321413062,31109
0.460766022,31111
0.143380901,31113
0.158681854,31115
0.17510995,31117
0.485572489,31119
0.265842485,31121
0.343709884,31123
0.274148207,31125
0.341912562,31127
0.34509362,31129
0.3485851,31131
0.250563574,31133
0.202944654,31135
0.286627369,31137
0.467558632,31139
0.438552222,31141
0.32038158,31143
0.292465491,31145
0.33503361,31147
0.136747366,31149
0.446944314,31151
0.378663466,31153
0.353956031,31155
0.434221818,31157
0.416400079,31159
0.410579093,31161
0.265769753,31163
0.174706445,31165
0.249559947,31167
0.322569857,31169
0.142473218,31171
0.193639407,31173
0.294014072,31175
0.234039308,31177
0.378342227,31179
0.256053598,31181
0.177596473,31183
0.348566474,31185
0.295546812,32001
0.292474981,32003
0.456199349,32005
0.382914384,32007
0.133283779,32009
0.291482306,32011
0.387885279,32013
0.204726967,32015
0.399297917,32017
0.467150166,32019
0.195496605,32021
0.522016279,32023
0.156146482,32027
0.136748136,32029
0.269838716,32031
0.367299402,32033
0.412542777,32510
0.422937863,33001
0.561041987,33003
0.490721348,33005
0.556386754,33007
0.50817758,33009
0.228708048,33011
0.411738345,33013
0.209268092,33015
0.418221885,33017
0.516414139,33019
0.339906838,34001
0.317086704,34003
0.260720695,34005
0.268228627,34007
0.437787495,34009
0.427826695,34011
0.315618393,34013
0.298223643,34015
0.285514444,34017
0.440406829,34019
0.243431746,34021
0.256920171,34023
0.249755907,34025
0.221369277,34027
0.237267216,34029
0.34095308,34031
0.566461324,34033
0.261904126,34035
0.314161828,34037
0.246195646,34039
0.452817652,34041
0.357098709,35001
0.358130267,35003
0.422386672,35005
0.355296868,35006
0.486746885,35007
0.349040826,35009
0.187298408,35011
0.463820584,35013
0.417101596,35015
0.498409222,35017
0.185405289,35019
0.122472815,35021
0.355476231,35023
0.448472033,35025
0.295303572,35027
0.237873738,35028
0.232655115,35029
0.422524717,35031
0.220366162,35033
0.476333293,35035
0.250261675,35037
0.465193435,35039
0.153261058,35041
0.399401385,35043
0.396826596,35045
0.48857752,35047
0.357951633,35049
0.263424558,35051
0.408846584,35053
0.507673746,35055
0.428396984,35057
0.131974898,35059
0.444699928,35061
0.252828498,36001
0.59028991,36003
0.436044427,36005
0.420029092,36007
0.589096421,36009
0.539398066,36011
0.549988578,36013
0.564010742,36015
0.601162899,36017
0.57696954,36019
0.517552028,36021
0.582784605,36023
0.493653833,36025
0.423806093,36027
0.252301688,36029
0.589069321,36031
0.57728874,36033
0.496567907,36035
0.521514873,36037
0.478911023,36039
0.309784182,36041
0.535522637,36043
0.503275221,36045
0.322319135,36047
0.55275217,36049
0.481481787,36051
0.588357091,36053
0.25234065,36055
0.607944509,36057
0.341325119,36059
0.283990338,36061
0.364552327,36063
0.33065674,36065
0.332026461,36067
0.458139997,36069
0.298888156,36071
0.612907153,36073
0.527310212,36075
0.546094668,36077
0.368088894,36079
0.328961077,36081
0.405574214,36083
0.435683241,36085
0.303231763,36087
0.527219486,36089
0.377826054,36091
0.342422352,36093
0.324834948,36095
0.342308411,36097
0.600167508,36099
0.521319617,36101
0.260127501,36103
0.54763942,36105
0.588527946,36107
0.406832372,36109
0.382729519,36111
0.548387938,36113
0.491820056,36115
0.556791443,36117
0.228352404,36119
0.482496807,36121
0.541715777,36123
0.519284097,37001
0.464853901,37003
0.457578745,37005
0.509039275,37007
0.440657849,37009
0.539458707,37011
0.421784578,37013
0.574156372,37015
0.617668185,37017
0.490160455,37019
0.377506349,37021
0.494141221,37023
0.395265644,37025
0.512962484,37027
0.184829468,37029
0.506677084,37031
0.343635895,37033
0.542765179,37035
0.569344821,37037
0.534822733,37039
0.524018261,37041
0.294705646,37043
0.504687156,37045
0.561919799,37047
0.479506107,37049
0.37332251,37051
0.506863935,37053
0.469067611,37055
0.438649114,37057
0.533918727,37059
0.557838313,37061
0.391666881,37063
0.511801545,37065
0.434139332,37067
0.616413271,37069
0.509974536,37071
0.324520083,37073
0.263190382,37075
0.489256623,37077
0.345657047,37079
0.408137183,37081
0.66031372,37083
0.506585919,37085
0.49627633,37087
0.481672145,37089
0.50137862,37091
0.594299156,37093
0.267255447,37095
0.584692468,37097
0.555858637,37099
0.445678245,37101
0.350211268,37103
0.439979258,37105
0.581171648,37107
0.522094461,37109
0.613246731,37111
0.548966009,37113
0.46714719,37115
0.542486767,37117
0.265859837,37119
0.25784329,37121
0.502691437,37123
0.593989257,37125
0.428017539,37127
0.449527418,37129
0.497843508,37131
0.458734235,37133
0.41913292,37135
0.411493813,37137
0.463052504,37139
0.554518618,37141
0.26540509,37143
0.590852548,37145
0.475431755,37147
0.487010008,37149
0.440514859,37151
0.523337184,37153
0.426064467,37155
0.490616064,37157
0.55030041,37159
0.543231883,37161
0.622028188,37163
0.562207775,37165
0.507764389,37167
0.519305808,37169
0.481394787,37171
0.537889228,37173
0.436718564,37175
0.277379382,37177
0.56352943,37179
0.402659427,37181
0.301856993,37183
0.373276921,37185
0.439325716,37187
0.576331203,37189
0.378343126,37191
0.561261287,37193
0.468286671,37195
0.590010429,37197
0.405949205,37199
0.246636394,38001
0.443319416,38003
0.304164428,38005
0.147491656,38007
0.351737892,38009
0.293079617,38011
0.225506562,38013
0.389748272,38015
0.393644886,38017
0.306503396,38019
0.379746762,38021
0.137459478,38023
0.170543738,38025
0.148593192,38027
0.339177841,38029
0.14912823,38031
0.148607308,38033
0.425419423,38035
0.111346114,38037
0.149796647,38039
0.348888786,38041
0.407590095,38043
0.335684114,38045
0.19665121,38047
0.327577353,38049
0.200577433,38051
0.272900796,38053
0.242334986,38055
0.317338608,38057
0.427612132,38059
0.318145625,38061
0.35675216,38063
0.141145312,38065
0.37489438,38067
0.164920255,38069
0.409031818,38071
0.278450026,38073
0.236950982,38075
0.431697545,38077
0.39039002,38079
0.256041435,38081
0.120314868,38083
0.226237917,38085
0.133485994,38087
0.446907108,38089
0.235505659,38091
0.387844798,38093
0.1751445,38095
0.400152047,38097
0.427936674,38099
0.364737202,38101
0.317655268,38103
0.38783215,38105
0.46821741,39001
0.536213724,39003
0.629822204,39005
0.440752211,39007
0.6586111,39009
0.594795341,39011
0.46583392,39013
0.50820468,39015
0.456162762,39017
0.439294697,39019
0.539410811,39021
0.478850221,39023
0.408522975,39025
0.611570918,39027
0.557555014,39029
0.562021565,39031
0.591480631,39033
0.313738313,39035
0.596855073,39037
0.517522164,39039
0.343266519,39041
0.476363805,39043
0.586532659,39045
0.55685799,39047
0.260268753,39049
0.550625882,39051
0.563229146,39053
0.493599441,39055
0.503744088,39057
0.566137277,39059
0.271902748,39061
0.588166321,39063
0.508059722,39065
0.580039917,39067
0.608055815,39069
0.565434429,39071
0.547733704,39073
0.593017212,39075
0.460258382,39077
0.593345831,39079
0.54873506,39081
0.538215414,39083
0.387760378,39085
0.549100126,39087
0.596548848,39089
0.598634308,39091
0.407455067,39093
0.397111924,39095
0.631750127,39097
0.444074493,39099
0.607626124,39101
0.367691324,39103
0.533637865,39105
0.573872392,39107
0.381303399,39109
0.402896576,39111
0.359587344,39113
0.359034065,39115
0.583958158,39117
0.438518201,39119
0.511962142,39121
0.473013476,39123
0.488605232,39125
0.489341677,39127
0.600111637,39129
0.464969173,39131
0.526585275,39133
0.507300153,39135
0.487432625,39137
0.413741943,39139
0.576684712,39141
0.58701519,39143
0.536715782,39145
0.618189883,39147
0.556994729,39149
0.333344878,39151
0.341044918,39153
0.509371876,39155
0.590290509,39157
0.459279269,39159
0.553051655,39161
0.321841584,39163
0.420547294,39165
0.544913211,39167
0.51578572,39169
0.593032687,39171
0.469739684,39173
0.511811374,39175
0.531905321,40001
0.272178696,40003
0.459249163,40005
0.199830722,40007
0.524155704,40009
0.432808003,40011
0.493744093,40013
0.526758511,40015
0.513762919,40017
0.461001136,40019
0.500195772,40021
0.299029805,40023
0.17522887,40025
0.376845184,40027
0.377528568,40029
0.38788316,40031
0.252087264,40033
0.419811317,40035
0.471504815,40037
0.541278697,40039
0.362613168,40041
0.254967747,40043
0.420880538,40045
0.427872574,40047
0.523571008,40049
0.472681565,40051
0.367955419,40053
0.422681295,40055
0.270288296,40057
0.313191949,40059
0.289366888,40061
0.458653352,40063
0.351754483,40065
0.270546625,40067
0.30457174,40069
0.541618398,40071
0.333421407,40073
0.469087557,40075
0.293705521,40077
0.518988707,40079
0.559296709,40081
0.288174761,40083
0.247839646,40085
0.30617627,40087
0.481114919,40089
0.538982907,40091
0.43746296,40093
0.45373355,40095
0.495076461,40097
0.333179167,40099
0.451904975,40101
0.207006636,40103
0.315401155,40105
0.414160682,40107
0.246746875,40109
0.51743144,40111
0.432929502,40113
0.392770556,40115
0.310233352,40117
0.449636622,40119
0.496542173,40121
0.443912484,40123
0.452571053,40125
0.501520598,40127
0.249512974,40129
0.394949407,40131
0.525846947,40133
0.486045143,40135
0.583876193,40137
0.459178736,40139
0.367612125,40141
0.230414374,40143
0.268110421,40145
0.412971288,40147
0.40425911,40149
0.394691145,40151
0.476197556,40153
0.544635391,41001
0.44248754,41003
0.299615905,41005
0.524096815,41007
0.43626018,41009
0.506096819,41011
0.504968407,41013
0.521938181,41015
0.355546644,41017
0.427296986,41019
0.282627141,41021
0.358394524,41023
0.282940216,41025
0.398388722,41027
0.342224925,41029
0.415492472,41031
0.474983381,41033
0.468539595,41035
0.306785581,41037
0.317042634,41039
0.516269294,41041
0.437825624,41043
0.553985918,41045
0.323934804,41047
0.394749743,41049
0.270554109,41051
0.484069559,41053
0.205057515,41055
0.494914956,41057
0.445298314,41059
0.480832393,41061
0.398548742,41063
0.446423507,41065
0.292294823,41067
0.161002358,41069
0.418945013,41071
0.471238188,42001
0.239444246,42003
0.617369566,42005
0.458172478,42007
0.580775218,42009
0.374645987,42011
0.450244281,42013
0.541072282,42015
0.245118354,42017
0.374995044,42019
0.537904768,42021
0.176782309,42023
0.569729218,42025
0.428163848,42027
0.251906839,42029
0.552469119,42031
0.486546336,42033
0.511274405,42035
0.50714308,42037
0.51824603,42039
0.436269738,42041
0.344809127,42043
0.28405054,42045
0.559425659,42047
0.392345099,42049
0.544408172,42051
0.30330593,42053
0.456671319,42055
0.301323739,42057
0.511808593,42059
0.592734908,42061
0.505080805,42063
0.628643311,42065
0.500934512,42067
0.387480443,42069
0.323245748,42071
0.532355525,42073
0.573623146,42075
0.241110474,42077
0.435644286,42079
0.55708017,42081
0.563316671,42083
0.469202642,42085
0.619359059,42087
0.505525875,42089
0.268393197,42091
0.422137735,42093
0.386226601,42095
0.540222416,42097
0.581257994,42099
0.352361767,42101
0.557862415,42103
0.5098596,42105
0.502301793,42107
0.599992977,42109
0.542568575,42111
0.543299113,42113
0.523449376,42115
0.554524578,42117
0.513279442,42119
0.447845436,42121
0.583092062,42123
0.327175803,42125
0.593674505,42127
0.305736043,42129
0.594356117,42131
0.28605158,42133
0.403508486,44001
0.347310487,44003
0.419916629,44005
0.252459411,44007
0.438212504,44009
0.42671232,45001
0.515873516,45003
0.487184096,45005
0.464432539,45007
0.48127787,45009
0.55997278,45011
0.532390509,45013
0.456011104,45015
0.254714976,45017
0.291202254,45019
0.573393462,45021
0.637637124,45023
0.649535059,45025
0.500288666,45027
0.63756999,45029
0.510602359,45031
0.643880585,45033
0.442962909,45035
0.328840311,45037
0.400466047,45039
0.595304184,45041
0.631360008,45043
0.457277946,45045
0.618358348,45047
0.589347978,45049
0.459665522,45051
0.463161459,45053
0.581780849,45055
0.534768241,45057
0.549762121,45059
0.471872298,45061
0.473173924,45063
0.304108373,45065
0.569009455,45067
0.564891966,45069
0.474066383,45071
0.522887678,45073
0.567501238,45075
0.484074992,45077
0.480397523,45079
0.427877254,45081
0.43092341,45083
0.519409308,45085
0.511413549,45087
0.580632472,45089
0.560886618,45091
0.251653805,46003
0.36495733,46005
0.296146405,46007
0.34428655,46009
0.263819946,46011
0.363514851,46013
0.311759649,46015
0.140671829,46017
0.405923031,46019
0.134953751,46021
0.522394752,46023
0.257186673,46025
0.297560117,46027
0.379591349,46029
0.205161448,46031
0.312930174,46033
0.31925931,46035
0.292285528,46037
0.362110152,46039
0.300810803,46041
0.202387531,46043
0.259320265,46045
0.414119433,46047
0.19944687,46049
0.341778252,46051
0.435866177,46053
0.1712697,46055
0.426868557,46057
0.148766078,46059
0.165261147,46061
0.172705106,46063
0.343100149,46065
0.465840169,46067
0.162094598,46069
0.314744425,46071
0.185012474,46073
0.185120381,46075
0.380689909,46077
0.191698837,46079
0.416795457,46081
0.367080198,46083
0.295209387,46085
0.345994687,46087
0.248367378,46089
0.419844236,46091
0.451013113,46093
0.211076004,46095
0.197261951,46097
0.368688298,46099
0.245250174,46101
0.439211197,46103
0.189509624,46105
0.359098836,46107
0.462999678,46109
0.234753041,46115
0.140345265,46117
0.138226975,46119
0.369220766,46121
0.392716769,46123
0.331047077,46125
0.276732133,46127
0.375874909,46129
0.230212872,46135
0.201693398,46137
0.451544065,47001
0.510292831,47003
0.439097067,47005
0.268556618,47007
0.417222357,47009
0.57816193,47011
0.588626471,47013
0.442613184,47015
0.625296899,47017
0.534300667,47019
0.50568512,47021
0.547889763,47023
0.53197389,47025
0.247257412,47027
0.573622482,47029
0.577206244,47031
0.591320567,47033
0.464544793,47035
0.262872721,47037
0.455776648,47039
0.554972384,47041
0.580357467,47043
0.499964501,47045
0.485397074,47047
0.579123559,47049
0.616967212,47051
0.601100617,47053
0.574093636,47055
0.433744058,47057
0.584637265,47059
0.592867372,47061
0.57087874,47063
0.407029359,47065
0.220172493,47067
0.456148473,47069
0.597128609,47071
0.643771721,47073
0.609046159,47075
0.557375141,47077
0.558631086,47079
0.627884181,47081
0.303953197,47083
0.52131715,47085
0.414598249,47087
0.5750955,47089
0.53243716,47091
0.337719703,47093
0.225176461,47095
0.60748206,47097
0.537931399,47099
0.503077233,47101
0.621964948,47103
0.594199962,47105
0.517416884,47107
0.404951484,47109
0.534445974,47111
0.546145062,47113
0.540098808,47115
0.5885962,47117
0.567616289,47119
0.551768166,47121
0.504571745,47123
0.445824081,47125
0.212858373,47127
0.538623589,47129
0.418337182,47131
0.60714368,47133
0.417164352,47135
0.309799996,47137
0.406734625,47139
0.504184888,47141
0.655982967,47143
0.620831494,47145
0.545274654,47147
0.433387783,47149
0.550292484,47151
0.282653107,47153
0.526215773,47155
0.307763197,47157
0.509208033,47159
0.538654647,47161
0.448694072,47163
0.48149001,47165
0.476253855,47167
0.369801733,47169
0.393353917,47171
0.31860976,47173
0.188272845,47175
0.619954573,47177
0.585373018,47179
0.654441535,47181
0.625707366,47183
0.484398281,47185
0.484226471,47187
0.565385601,47189
0.480122844,48001
0.262232436,48003
0.521780613,48005
0.317927244,48007
0.170514455,48009
0.198521795,48011
0.515391768,48013
0.374023102,48015
0.312407267,48017
0.329141532,48019
0.548130102,48021
0.207641492,48023
0.228991859,48025
0.360495373,48027
0.340852346,48029
0.289321556,48031
0.137333338,48033
0.424150417,48035
0.412371517,48037
0.427972128,48039
0.430784074,48041
0.511395278,48043
0.20108965,48045
0.215813317,48047
0.46618731,48049
0.564375757,48051
0.504043239,48053
0.376653982,48055
0.569757843,48057
0.320807226,48059
0.382850787,48061
0.259657286,48063
0.230481596,48065
0.571353436,48067
0.249074669,48069
0.475795752,48071
0.578604847,48073
0.227282173,48075
0.257374836,48077
0.197491398,48079
0.201494935,48081
0.313790841,48083
0.271269871,48085
0.212308542,48087
0.503465712,48089
0.344192532,48091
0.432598652,48093
0.209117961,48095
0.518350898,48097
0.472867826,48099
0.158740622,48101
0.167567528,48103
0.352798498,48105
0.367443941,48107
0.177995344,48109
0.266001948,48111
0.281287824,48113
0.252241672,48115
0.244103815,48117
0.184223786,48119
0.387501604,48121
0.425825307,48123
0.150940037,48125
0.263382314,48127
0.182805501,48129
0.432971527,48131
0.526489773,48133
0.447178647,48135
0.178737263,48137
0.392093447,48139
0.308261904,48141
0.521001991,48143
0.303011008,48145
0.406011504,48147
0.446430665,48149
0.285281833,48151
0.242718245,48153
0.232493617,48155
0.352978156,48157
0.217108824,48159
0.351036914,48161
0.403298083,48163
0.4547356,48165
0.297518807,48167
0.201933708,48169
0.363470553,48171
0.178490535,48173
0.195428699,48175
0.371731026,48177
0.324352245,48179
0.571639988,48181
0.445717782,48183
0.436370235,48185
0.359285671,48187
0.534864816,48189
0.266477228,48191
0.296261939,48193
0.241704891,48195
0.35254191,48197
0.518640188,48199
0.253005233,48201
0.575133609,48203
0.186596649,48205
0.268988781,48207
0.502404894,48209
0.16844734,48211
0.605175539,48213
0.248733008,48215
0.455537913,48217
0.289271157,48219
0.561837621,48221
0.359003919,48223
0.553594215,48225
0.365041233,48227
0.206621731,48229
0.591459623,48231
0.366912562,48233
0.187484137,48235
0.244041707,48237
0.253590894,48239
0.456996014,48241
0.149117167,48243
0.438092115,48245
0.399035658,48247
0.541804274,48249
0.517013795,48251
0.409833687,48253
0.432656503,48255
0.442715987,48257
0.287593961,48259
0.154437451,48261
0.135585999,48263
0.440541748,48265
0.256547923,48267
0.167658668,48269
0.184200048,48271
0.492035451,48273
0.250826207,48275
0.467245795,48277
0.380579221,48279
0.336121228,48281
0.245552294,48283
0.418812259,48285
0.362811606,48287
0.549867053,48289
0.486909304,48291
0.469867611,48293
0.285158582,48295
0.349294877,48297
0.431964472,48299
0.154753266,48301
0.353003836,48303
0.22655231,48305
0.35484423,48307
0.391247051,48309
0.112371942,48311
0.295101858,48313
0.326292577,48315
0.161338384,48317
0.275874392,48319
0.405015705,48321
0.487710106,48323
0.503756803,48325
0.208663241,48327
0.343228055,48329
0.503752893,48331
0.298497101,48333
0.299644941,48335
0.47998776,48337
0.310043106,48339
0.404909396,48341
0.374904834,48343
0.159672099,48345
0.413544789,48347
0.479973313,48349
0.497535057,48351
0.212596099,48353
0.375312579,48355
0.253453097,48357
0.325578236,48359
0.497900583,48361
0.425221776,48363
0.407327404,48365
0.433004728,48367
0.263210488,48369
0.426134421,48371
0.469078934,48373
0.405499942,48375
0.14766021,48377
0.310028718,48379
0.433470002,48381
0.166908257,48383
0.44414252,48385
0.466569537,48387
0.326018201,48389
0.383173829,48391
0.176052778,48393
0.490812087,48395
0.4911223,48397
0.403770781,48399
0.552659748,48401
0.355589856,48403
0.248282855,48405
0.390171254,48407
0.551457824,48409
0.492737721,48411
0.130720916,48413
0.292081815,48415
0.148797611,48417
0.447594369,48419
0.146354461,48421
0.379327161,48423
0.335445281,48425
0.455688485,48427
0.233597415,48429
0.11547538,48431
0.244283247,48433
0.139001827,48435
0.211184922,48437
0.280454631,48439
0.484442747,48441
0.139879181,48443
0.229210532,48445
0.169981471,48447
0.529759432,48449
0.542555322,48451
0.234352465,48453
0.272382923,48455
0.397949794,48457
0.318107824,48459
0.17726866,48461
0.340547577,48463
0.384215343,48465
0.592375682,48467
0.514519876,48469
0.448621424,48471
0.544501425,48473
0.320277546,48475
0.515774775,48477
0.500503953,48479
0.439674023,48481
0.39872043,48483
0.40548217,48485
0.318498401,48487
0.240156968,48489
0.299561377,48491
0.495802522,48493
0.281459684,48495
0.335307126,48497
0.484162901,48499
0.234215755,48501
0.36035092,48503
0.367757339,48505
0.380487451,48507
0.290712824,49001
0.458982779,49003
0.432821812,49005
0.333760317,49007
0.131957019,49009
0.329990845,49011
0.382055076,49013
0.443204354,49015
0.249986457,49017
0.321699564,49019
0.422927039,49021
0.16648074,49023
0.267339807,49025
0.358128489,49027
0.161670489,49029
0.236114132,49031
0.171217791,49033
0.245881494,49035
0.295646231,49037
0.336606388,49039
0.316276547,49041
0.3659476,49043
0.379446064,49045
0.206559504,49047
0.263632738,49049
0.335602641,49051
0.348823218,49053
0.330812979,49055
0.282602381,49057
0.414029359,50001
0.34796265,50003
0.401424224,50005
0.390869243,50007
0.418761878,50009
0.515030435,50011
0.370903138,50013
0.44849176,50015
0.488513465,50017
0.470485309,50019
0.491893867,50021
0.470768126,50023
0.418462532,50025
0.578827339,50027
0.501092355,51001
0.459393459,51003
0.415166338,51005
0.340622038,51007
0.464463498,51009
0.407918267,51011
0.358927913,51013
0.418275319,51015
0.19853307,51017
0.422813457,51019
0.268904256,51021
0.45553341,51023
0.383601841,51025
0.566608543,51027
0.402719822,51029
0.540174318,51031
0.560813227,51033
0.382321416,51035
0.163859335,51036
0.453979338,51037
0.422593713,51041
0.263799558,51043
0.265293568,51045
0.600684604,51047
0.284611785,51049
0.519296471,51051
0.542885948,51053
0.365705895,51057
0.383657411,51059
0.498137147,51061
0.569867042,51063
0.333478098,51065
0.473456827,51067
0.505336739,51069
0.471721038,51071
0.453620266,51073
0.280184609,51075
0.266612244,51077
0.397863738,51079
0.30040267,51081
0.590309711,51083
0.465381342,51085
0.427907184,51087
0.615117514,51089
0.262703877,51091
0.52121555,51093
0.526523093,51095
0.235457803,51097
0.299845248,51099
0.320116315,51101
0.487571587,51103
0.483521003,51105
0.364694726,51107
0.460360656,51109
0.448929375,51111
0.297467595,51113
0.248256657,51115
0.515698984,51117
0.316519766,51119
0.511981658,51121
0.45183031,51125
0.292959813,51127
0.387000569,51131
0.400374804,51133
0.455298403,51135
0.550776713,51137
0.529314668,51139
0.623342435,51141
0.582421443,51143
0.366301572,51145
0.565177022,51147
0.422243787,51149
0.309767929,51153
0.534395014,51155
0.370631891,51157
0.26832002,51159
0.601258336,51161
0.3915509,51163
0.531405298,51165
0.539663093,51167
0.501653735,51169
0.585313706,51171
0.535971485,51173
0.439781823,51175
0.538274557,51177
0.488557536,51179
0.384100666,51181
0.482422379,51183
0.41194765,51185
0.457377371,51187
0.594436137,51191
0.516992027,51193
0.50530424,51195
0.563117844,51197
0.623380018,51199
0.401330716,51510
0.527256484,51520
0.225367448,51530
0.348218073,51540
0.428941314,51550
0.257506565,51570
0.141067996,51580
0.582042489,51590
0.432368995,51595
0.36667397,51600
0.430919279,51610
0.391722578,51620
0.497093776,51630
0.358939345,51640
0.448153249,51650
0.497261773,51660
0.521612792,51670
0.341830033,51678
0.444843039,51680
0.330123938,51683
0.310871761,51685
0.447588469,51690
0.456628805,51700
0.395151025,51710
0.253913384,51720
0.572081353,51730
0.392827419,51735
0.51354339,51740
0.263337549,51750
0.430651647,51760
0.468390978,51770
0.528499615,51775
0.358379816,51790
0.507731934,51800
0.365170576,51810
0.464807711,51820
0.330016251,51830
0.527137441,51840
0.45601374,53001
0.436519072,53003
0.432905718,53005
0.470145385,53007
0.494792551,53009
0.285419958,53011
0.212520034,53013
0.403226683,53015
0.4743666,53017
0.425174754,53019
0.468385623,53021
0.176189849,53023
0.398289125,53025
0.454773071,53027
0.404498805,53029
0.414899989,53031
0.247840849,53033
0.350865674,53035
0.528864094,53037
0.385688417,53039
0.532338169,53041
0.415333965,53043
0.477489891,53045
0.421110294,53047
0.504897032,53049
0.431118747,53051
0.288585861,53053
0.376131469,53055
0.425177565,53057
0.206758021,53059
0.273787637,53061
0.272933165,53063
0.499395479,53065
0.324584506,53067
0.203264302,53069
0.53000618,53071
0.334671453,53073
0.583838953,53075
0.390757899,53077
0.480819361,54001
0.515067614,54003
0.417338351,54005
0.414467659,54007
0.507786084,54009
0.577386423,54011
0.324649469,54013
0.345630276,54015
0.234325066,54017
0.549673365,54019
0.335487351,54021
0.395060578,54023
0.546408274,54025
0.568755633,54027
0.458045191,54029
0.546663305,54031
0.483882786,54033
0.423664373,54035
0.554526347,54037
0.478052749,54039
0.571695081,54041
0.546565174,54043
0.502363168,54045
0.57866325,54047
0.547633132,54049
0.573083955,54051
0.566970682,54053
0.631426064,54055
0.395317648,54057
0.563373329,54059
0.47787071,54061
0.309243354,54063
0.369741675,54065
0.536387624,54067
0.460212315,54069
0.383285056,54071
0.213512254,54073
0.547270982,54075
0.514041443,54077
0.540930778,54079
0.510736409,54081
0.638940336,54083
0.543402094,54085
0.595359572,54087
0.480408359,54089
0.349798842,54091
0.395628402,54093
0.530901952,54095
0.532667331,54097
0.563342118,54099
0.509863529,54101
0.575874691,54103
0.322948922,54105
0.53355817,54107
0.618956935,54109
0.274712319,55001
0.592423294,55003
0.536480701,55005
0.575995808,55007
0.38224253,55009
0.472786349,55011
0.583192642,55013
0.487932993,55015
0.479358643,55017
0.48416712,55019
0.506534583,55021
0.389259118,55023
0.251632381,55025
0.428293988,55027
0.375921225,55029
0.56873399,55031
0.536534208,55033
0.413588492,55035
0.286598455,55037
0.460655057,55039
0.288493002,55041
0.485789337,55043
0.392943527,55045
0.50576294,55047
0.408282959,55049
0.402520331,55051
0.341191281,55053
0.521232382,55055
0.538413584,55057
0.430132797,55059
0.377546522,55061
0.476848909,55063
0.524583497,55065
0.42691759,55067
0.419883771,55069
0.441136583,55071
0.426309535,55073
0.526323374,55075
0.393967577,55077
0.204302334,55078
0.347795341,55079
0.446266382,55081
0.472513702,55083
0.43881598,55085
0.447575479,55087
0.389193613,55089
0.293987921,55091
0.478360906,55093
0.489590951,55095
0.380392242,55097
0.548929609,55099
0.308154018,55101
0.449199464,55103
0.447819444,55105
0.410451752,55107
0.553236365,55109
0.533404956,55111
0.537541123,55113
0.482480963,55115
0.403404417,55117
0.432523774,55119
0.468577314,55121
0.424631255,55123
0.585926947,55125
0.430799624,55127
0.47642685,55129
0.397843021,55131
0.263420086,55133
0.406923569,55135
0.555979544,55137
0.366258211,55139
0.45493957,55141
0.330839524,56001
0.406185823,56003
0.379030605,56005
0.492335717,56007
0.33942789,56009
0.4666739,56011
0.389651398,56013
0.36459588,56015
0.198430928,56017
0.284089957,56019
0.391688848,56021
0.468111703,56023
0.378042814,56025
0.140276738,56027
0.334390172,56029
0.25714727,56031
0.388219632,56033
0.306953066,56035
0.344962134,56037
0.290071419,56039
0.327254498,56041
0.292897202,56043
0.29704935,56045
0.181111023,46111
0.38465454,2270
0.282471127,46113
0.252215684,51515
