Probabilities,FIPS
0.137758553,31057
0.115122162,30103
0.777117729,48113
0.347490251,17201
0.162988067,21157
0.17149289,18041
0.155807868,51023
0.263608158,27139
0.1296352,51105
0.176218733,28045
0.161711946,26035
0.128013968,19107
0.130546838,2282
0.149069995,39125
0.145146042,1007
0.135678083,21057
0.225640416,21179
0.157540739,37193
0.160173446,18027
0.149034262,54001
0.287965953,12091
0.537995338,48121
0.212755248,36079
0.147158444,6093
0.361583233,55009
0.144534215,35059
0.121161819,13265
0.815276802,6001
0.118483566,31025
0.137076721,28063
0.195233107,37069
0.154693007,18123
0.139672101,48345
0.695843279,26125
0.117518641,20085
0.467111796,13089
0.127418116,17059
0.139288113,48305
0.1681218,13119
0.189353183,12123
0.148350239,42087
0.138264745,23021
0.181250021,36077
0.126918107,31133
0.148237959,48129
0.116946951,28155
0.160256773,18161
0.211845398,18001
0.191490859,13311
0.134297118,29201
0.118660182,13253
0.104886249,13317
0.102405213,31139
0.107325137,47181
0.2824862,36027
0.13650547,48225
0.320069402,48209
0.17223233,47019
0.50346154,8031
0.12159206,47135
0.113825001,28053
0.286571443,42043
0.103852473,29035
0.098184824,21193
0.186961398,28081
0.135285139,8089
0.152045459,20061
0.192475036,19155
0.147094205,55061
0.252297014,28089
0.122022673,33019
0.117181458,20107
0.209338605,13021
0.189488456,42021
0.210575983,18105
0.159107074,17191
0.138780743,17171
0.148630857,13055
0.154171348,48241
0.15777503,21199
0.140748337,18137
0.128282577,31151
0.135071412,30069
0.314277887,48061
0.664806187,6111
0.144086748,5021
0.103541151,40139
0.179903656,17145
0.163490877,16085
0.157264128,48499
0.170415193,40125
0.185518697,29177
0.148835227,37165
0.121768065,21041
0.645893097,24510
0.190337092,26103
0.311123818,9011
0.10075134,38049
0.187275648,18075
0.248767391,27019
0.155742258,42047
0.180426076,47131
0.181615293,41059
0.161076322,49039
0.166866526,53041
0.712958574,12099
0.130080953,21089
0.133460417,22101
0.157795042,56021
0.114260234,38081
0.128701583,31093
0.145402431,21211
0.113247901,48035
0.182196826,26129
0.693530798,48439
0.165008798,37037
0.196454018,36037
0.11401388,50009
0.129281133,51017
0.148156837,30099
0.151804954,36031
0.138842583,37093
0.133999228,20149
0.216673791,42037
0.146288931,18009
0.19535777,21037
0.155883685,37091
0.135552272,48429
0.151427805,26151
0.347095251,13057
0.586010754,9001
0.185715333,39119
0.262267649,36111
0.220802471,42061
0.27341342,48091
0.162751883,12131
0.12258479,29107
0.123009443,19009
0.16762732,29103
0.118151948,17017
0.254225731,30081
0.127415061,19115
0.126315176,38067
0.157089218,49041
0.383665174,34035
0.129613191,20193
0.183518663,16069
0.142821878,28127
0.147977516,49007
0.146238074,39009
0.835853815,6085
0.183611095,37175
0.133333147,38059
0.155669853,13175
0.149666369,48349
0.118218541,54045
0.159157902,21109
0.608489931,17043
0.141178176,21049
0.531687617,34025
0.104536876,55019
0.156973705,49021
0.168119386,8051
0.144343868,31049
0.148901865,22007
0.1832138,20057
0.446669877,45045
0.122075841,48239
0.098735325,19071
0.122352771,17047
0.128280669,37053
0.112175748,19109
0.115094624,12039
0.138090968,38027
0.213992938,48099
0.581565797,39061
0.156019077,51119
0.145389691,20199
0.416656256,1089
0.277719498,12109
0.124662809,55113
0.196498901,20121
0.175158948,49029
0.173129544,1033
0.184766427,29145
0.351360857,42095
0.216482535,26073
0.544698179,53063
0.127824217,48315
0.172348812,24019
0.211964175,24037
0.112188928,31117
0.121907234,22123
0.607279241,41067
0.114963055,5041
0.449870765,53011
0.137113005,5047
0.139027551,19185
0.133981451,40071
0.130966797,39091
0.119658254,48237
0.106493287,47183
0.171009824,55057
0.133820549,29093
0.18022196,16033
0.204478085,55077
0.169303015,16051
0.786670089,6065
0.164058775,41013
0.176500261,56027
0.741976202,36119
0.110324904,19043
0.173893407,18103
0.256297767,13169
0.679402649,6013
0.152112558,27167
0.334484667,53073
0.125163987,39105
0.149744466,27135
0.145636499,19167
0.168546721,27015
0.144563869,29157
0.127295941,21229
0.126032844,20077
0.110851265,29223
0.224938378,42085
0.346287608,37025
0.195459902,16017
0.263032556,39133
0.251651138,55105
0.426632881,36067
0.151927039,36023
0.124629319,17151
0.137301341,46093
0.104985394,27045
0.248596832,5045
0.1838094,19111
0.280572265,39103
0.165545911,22029
0.380296707,34029
0.105137967,29079
0.236376151,22063
0.184729055,27093
0.140425622,48333
0.129417792,48293
0.118571542,40149
0.18051216,35015
0.116453923,48283
0.371035486,37063
0.121641949,38009
0.134600595,40123
0.167702273,45037
0.281280667,21117
0.139715672,48033
0.136705443,12077
0.500371397,25005
0.243707597,48397
0.857168913,36059
0.259239763,37151
0.130324438,18055
0.121436179,32011
0.119328372,53075
0.169357076,8067
0.191289455,37109
0.11924509,21233
0.106858224,37017
0.161743253,20009
0.123417057,13251
0.232744262,36015
0.149884179,42127
0.157573402,19039
0.21451436,48005
0.18112348,28099
0.136593252,31029
0.130455658,13239
0.163507804,53059
0.194596991,21005
0.13053301,19097
0.128738299,21061
0.132616013,29139
0.462615579,12117
0.218911424,26005
0.316044539,4025
0.141552925,13235
0.163673833,53021
0.138690054,13191
0.171238124,26105
0.191039249,27157
0.171140209,1107
0.163760051,28083
0.169023663,56013
0.17255117,26051
0.195566922,21093
0.255890667,24043
0.13437517,48111
0.156812236,55075
0.178019419,53045
0.128346562,18129
0.176178232,54057
0.194788218,36113
0.158644587,45071
0.13985613,19037
0.170586213,45075
0.13823171,17033
0.158416137,20155
0.140276313,37005
0.146695569,42111
0.256920159,17093
0.134712383,48335
0.146723226,12051
0.158551067,6005
0.246483609,35013
0.14613238,27077
0.158048898,46065
0.120278738,28103
0.157884657,47067
0.143237785,50025
0.201605633,35043
0.21315296,39167
0.110402472,5109
0.122362308,1027
0.145546883,48051
0.189246923,20103
0.168377623,13305
0.183941245,42109
0.140699297,48185
0.512123883,6099
0.14883624,51127
0.164980993,54007
0.168907121,18179
0.18973805,48451
0.147619203,48125
0.124072455,51049
0.203139082,39033
0.127929568,21223
0.155546442,47143
0.214045718,48497
0.151821896,49009
0.12268234,48227
0.216879696,18065
0.140922815,1109
0.402433753,25013
0.300993592,27171
0.126360893,26089
0.112019695,48109
0.12934649,21221
0.136951372,28069
0.187856719,20111
0.137603238,54063
0.155872732,45081
0.135773823,19197
0.3447752,37101
0.134994999,31053
0.159332573,13069
0.177650064,13321
0.117518149,29153
0.13775754,54015
0.124274015,6015
0.169134066,31023
0.119354837,12007
0.17438972,21191
0.14441739,21047
0.213455573,13187
0.141169906,27001
0.245380431,29099
0.132541239,20019
0.228311613,16081
0.072634622,2188
0.184357315,21177
0.125549361,51021
0.227823824,48181
0.122916944,19161
0.157915413,29229
0.168362215,21171
0.482473493,47157
0.12717548,21103
0.146945342,29207
0.217850566,37167
0.163826093,47133
0.442392439,42133
0.186762184,2170
0.16215533,2230
0.17562969,42121
0.203211039,48367
0.158014253,47021
0.198721036,19181
0.141407669,39039
0.131557152,40153
0.160100088,48325
0.424176872,6079
0.174209177,36009
0.212140098,53057
0.286775947,12085
0.113849223,30043
0.105914243,20087
0.294856042,28049
0.174649909,13233
0.125415891,18049
0.110024557,32033
0.137498498,12093
0.251778811,21015
0.172388285,8003
0.129087284,42031
0.227356836,13185
0.51331389,17197
0.145269886,48327
0.560214341,51510
0.123930119,40049
0.166943818,5067
0.120327607,27125
0.099934787,2150
0.935536504,36081
0.123919658,22027
0.431900442,8001
0.133485675,54087
0.135759741,2195
0.140811503,48255
0.16302076,29091
0.504275739,42017
0.169040397,8045
0.166756287,37185
0.14521791,29125
0.094593048,51157
0.179648206,27061
0.132118717,46059
0.263185829,6089
0.144267738,48377
0.155682892,48205
0.142695263,18021
0.16272226,21083
0.163845375,40047
0.357983083,53005
0.136908948,48419
0.121577881,20139
0.166791305,29135
0.532247245,17097
0.180465356,53029
0.194191977,33017
0.63649714,24005
0.215133369,16045
0.176531121,54025
0.112880796,40053
0.135862499,48389
0.19245474,39111
0.126370952,48191
0.131478027,40033
0.158380881,5043
0.119902544,27043
0.148071423,47159
0.652951896,42003
0.564911842,36029
0.201196417,19187
0.109190203,51033
0.106815912,26003
0.150676727,47045
0.19984743,18037
0.116152234,12047
0.162078902,13113
0.235526472,55073
0.945901155,36047
0.114930026,21121
0.143694907,5133
0.283280134,17091
0.117788196,48229
0.149236754,21079
0.108197808,38079
0.196256265,17121
0.16190064,46005
0.12337283,30089
0.148695901,21225
0.151442736,8007
0.150189608,5135
0.179009959,29213
0.142724782,18107
0.191508844,18011
0.137091398,19157
0.121966623,26069
0.171433136,26043
0.146797091,41025
0.167994916,51111
0.339902371,27145
0.130721837,31089
0.181576163,16065
0.139928758,8113
0.151998103,1119
0.175883979,19057
0.293133199,9005
0.305977106,37129
0.17046684,24015
0.116037287,54097
0.172799304,19149
0.165075138,21129
0.116624914,40045
0.156577513,48003
0.144689992,20035
0.125865757,49019
0.128782064,5137
0.152186826,35039
0.12814571,20001
0.13593179,35047
0.156543925,48079
0.158658072,13137
0.163874328,27165
0.564229906,53061
0.620786786,48085
0.152243972,41001
0.193829685,18059
0.145908311,51197
0.117750153,5107
0.192554966,47103
0.262838721,30031
0.696060717,37183
0.136138156,21085
0.146549344,30025
0.110065944,5111
0.139183283,51009
0.239052385,20045
0.190209433,8087
0.143796861,19105
0.113600515,17003
0.134558246,40009
0.177697286,5033
0.893488765,6059
0.114082597,13319
0.200375691,37003
0.1430417,54069
0.174434394,13095
0.148643538,30075
0.248321265,30049
0.102821559,20201
0.132042736,48323
0.10823971,28029
0.192544281,1121
0.174260005,13139
0.14427112,36123
0.432708561,51087
0.129553497,31179
0.19558771,37031
0.139624283,20007
0.135330975,38019
0.722676873,39035
0.13433446,40103
0.11545039,20185
0.223080069,29165
0.112010494,31169
0.157284707,19129
0.147724956,1045
0.149864554,16023
0.249234796,26121
0.193445385,5019
0.160439998,47055
0.198412061,17183
0.120276131,48399
0.184083238,5005
0.267988801,4021
0.559632361,36085
0.215762928,13115
0.147088826,24011
0.199959785,22049
0.135482967,39081
0.076459348,2164
0.102349296,21239
0.416108549,42071
0.143391192,5097
0.216106772,40119
0.128509209,47015
0.174268633,48489
0.264903814,47153
0.131494358,20163
0.137020871,17181
0.129875764,29211
0.137217686,21213
0.125602111,46061
0.118833542,56011
0.522615135,34023
0.110701174,19085
0.832446039,53033
0.169064447,47073
0.17376028,42057
0.128913149,27149
0.600578845,21111
0.121261761,17189
0.165479362,48161
0.15614295,1053
0.427073091,18089
0.120149463,51075
0.135079905,48235
0.140964627,37029
0.213068709,18017
0.148635983,48285
0.098402195,48431
0.108907022,28051
0.174511239,23027
0.202289045,51099
0.154156879,27105
0.138631463,50005
0.923893869,17031
0.124221995,47121
0.250457495,17161
0.214221478,4003
0.214713171,55089
0.140451238,54105
0.148464367,13285
0.099036559,46007
0.129978433,18147
0.831939697,32003
0.316922456,39089
0.131017104,1047
0.186357021,1031
0.11049895,40075
0.151670337,2275
0.16969429,39147
0.685033917,12103
0.142659143,19171
0.151627526,1111
0.213648871,5125
0.362734377,12001
0.197325811,37125
0.148500651,40073
0.857112348,34017
0.145779684,31171
0.103927806,1041
0.094285205,32009
0.182406873,51101
0.227816239,12005
0.294831306,1003
0.163205281,2110
0.283665657,21151
0.234330446,24045
0.307422906,36007
0.127098143,56023
0.145380363,29023
0.122235797,12045
0.414114863,12115
0.249897644,48025
0.123741485,40061
0.210085288,21113
0.126126841,48165
0.116679505,41055
0.16031155,22081
0.139744043,32007
0.102359027,42105
0.130375102,23029
0.437234849,21067
0.239592418,55127
0.118660897,54075
0.362206072,51710
0.142456472,31121
0.220529258,34033
0.134324551,8025
0.17056489,49001
0.142742559,48153
0.184376389,17087
0.126956388,45065
0.229418069,42001
0.15772225,54081
0.158728495,29133
0.16681166,31009
0.208495617,13035
0.116744362,48363
0.343038857,5143
0.141271845,1005
0.133481622,21055
0.130421877,48065
0.135263741,12133
0.137393311,21013
0.15010497,48467
0.143792555,28115
0.124302775,27031
0.164527357,21209
0.148156226,47047
0.228813559,53007
0.15073739,13289
0.134071201,46017
0.163033605,46035
0.223171845,28085
0.176092386,1015
0.146008268,19139
0.169091418,17095
0.176594362,56005
0.170534581,51083
0.537852466,51810
0.11163114,40091
0.135247067,8099
0.313108027,26065
0.47738716,39113
0.307465434,37021
0.164005905,18143
0.122066505,31143
0.132230565,47039
0.128908649,12041
0.159663513,50027
0.170643136,54035
0.14717865,47177
0.195146307,55017
0.21390219,46103
0.180257797,45027
0.202444404,50023
0.131403983,20093
0.1290939,19021
0.137401834,30109
0.160638571,13123
0.125049338,35023
0.167606279,18079
0.130382523,13287
0.173132479,21205
0.186610103,13029
0.147156447,46129
0.155424684,46019
0.139392555,8083
0.2224444,37157
0.186776489,55053
0.225148916,41043
0.936062753,36061
0.104514197,12063
0.159926727,5029
0.128209308,27011
0.128757671,46125
0.122609518,53051
0.387242943,42129
0.230059654,39055
0.131323561,48221
0.163854778,21231
0.206998229,6069
0.284568399,48041
0.122823663,42123
0.119440243,22083
0.107310154,20101
0.710602582,36103
0.231103346,13085
0.136018008,20129
0.126303703,20099
0.198638424,1077
0.103920259,48155
0.109882504,20031
0.150132343,22045
0.273965299,6007
0.087496698,1131
0.124601252,20165
0.108977042,5095
0.147231504,32029
0.176345468,31067
0.10517884,46085
0.111317366,48443
0.163438588,48095
0.132503167,40057
0.133049533,22091
0.250774503,6023
0.116265282,48343
0.150777102,29137
0.166610628,13219
0.128782302,20205
0.552996159,25027
0.221146479,13045
0.152729362,16077
0.170700833,28109
0.147300616,6105
0.244800836,26145
0.136039659,56045
0.102533795,50019
0.187057748,29159
0.193430483,28073
0.146388784,31183
0.19700633,47173
0.412576586,6087
0.171683088,35025
0.488151878,39095
0.298109531,5007
0.171318993,13017
0.152603999,13309
0.14016442,48369
0.11198514,13213
0.275594383,22017
0.111245155,30005
0.16875042,22121
0.160817474,13053
0.156719133,40115
0.131757319,30083
0.174468294,48053
0.146489143,5065
0.123995222,40151
0.268307388,48027
0.131325811,48417
0.345464855,27003
0.124288797,40085
0.144059107,48023
0.157086551,45017
0.24619101,48257
0.130841628,29227
0.104613043,40089
0.113584973,30073
0.194763631,41053
0.125263974,18171
0.153083548,31045
0.738802791,6071
0.196172804,46011
0.232415751,16027
0.114624262,46107
0.181606427,13195
0.128352091,28133
0.166222915,26011
0.160606474,21009
0.451854765,47037
0.115353085,27087
0.135251328,8029
0.212255076,24017
0.182647452,35035
0.144829378,29015
0.14721781,27063
0.160617083,13263
0.115157656,20063
0.14299041,13109
0.14664875,36045
0.163448215,23025
0.106848642,22125
0.17940411,42033
0.507748246,40109
0.124447919,28037
0.201582029,42007
0.191991523,1103
0.219929427,33003
0.524905443,48141
0.136435211,51141
0.169420019,23023
0.108909205,5073
0.175363109,42051
0.12066523,53019
0.113353431,30039
0.116104163,27033
0.188740835,1113
0.147195801,48133
0.111289375,48131
0.184010208,29217
0.113768928,31027
0.19256033,39051
0.189415395,49023
0.133889824,51037
0.130592868,48459
0.162869737,21097
0.148937166,48449
0.141511902,21077
0.109621592,28119
0.144885421,48069
0.18560563,16053
0.169009715,40097
0.403783292,34021
0.112955265,6051
0.299721509,37051
0.10945788,51181
0.151943192,26057
0.161835432,1115
0.191773668,55033
0.128512099,39129
0.125182867,51193
0.386827886,29510
0.221355826,44005
0.327891052,42041
0.148817956,29039
0.30791229,47163
0.110130072,22023
0.114116222,38091
0.253115594,12015
0.167692736,18121
0.125975832,18025
0.167660594,26041
0.118376136,45001
0.144582987,22097
0.114290051,13103
0.130630642,21149
0.197830036,13147
0.350249916,2020
0.182401299,48265
0.126129285,13043
0.271360219,22019
0.184709504,37105
0.133408487,26047
0.137243077,20067
0.118539907,5009
0.121624038,20119
0.155909866,48089
0.149892911,30001
0.161123931,48421
0.151827425,8053
0.191902354,45085
0.184000984,27067
0.110165358,46049
0.167764246,17129
0.10529802,46039
0.089872658,4012
0.156405702,38105
0.254387259,38015
0.13466309,46021
0.203979209,29225
0.167874798,5085
0.361290783,23005
0.130594432,35011
0.123586059,22013
0.144940183,48083
0.113753147,31077
0.200630963,40013
0.251577407,12097
0.206144348,42103
0.147960812,31119
0.159327954,53037
0.217695996,47179
0.20160298,29031
0.189566478,27111
0.120511927,40141
0.164281294,28145
0.183900848,1123
0.132982001,55051
0.146655455,40077
0.218273357,15001
0.431239128,27037
0.15186727,48269
0.361749887,44003
0.186966896,45021
0.174684331,13039
0.173247695,37199
0.259771228,29043
0.126884431,13269
0.12038777,48295
0.156112343,42093
0.160629347,21053
0.10723152,29143
0.144271925,48353
0.145132184,16049
0.176306725,55045
0.148930117,24035
0.141685069,20143
0.117580593,29149
0.14695771,28123
0.197435394,8085
0.122309498,26013
0.136793956,22025
0.161074296,29119
0.120655447,55095
0.345988065,45063
0.119735494,5023
0.189249277,20161
0.136443034,8019
0.130625114,48015
0.30616191,12021
0.196204975,42035
0.108983204,18125
0.168637961,18151
0.782444715,6067
0.153154165,17009
0.10675849,1105
0.102994949,2016
0.156431198,17105
0.123102546,21147
0.120011896,51051
0.15477407,17139
0.147660673,42053
0.227663502,37155
0.343771666,17019
0.152541175,27143
0.154133707,26113
0.661838233,55079
0.154928342,31091
0.209636822,54033
0.511196196,31109
0.136285245,37075
0.112061583,18165
0.2752828,26147
0.114232495,13161
0.132356182,48395
0.111891434,29069
0.121104464,28041
0.123230129,16067
0.096193723,19177
0.156035572,22075
0.244306996,51085
0.141792238,8115
0.176640853,38035
0.175579056,4009
0.393950254,37067
0.187161416,29083
0.152891695,17007
0.136914328,41065
0.125755101,19143
0.230010256,21227
0.165980041,8105
0.119775683,46037
0.256680995,17179
0.11702273,8055
0.168366745,53065
0.122763641,29115
0.5439834,25009
0.092982173,17165
0.132761627,8073
0.203067422,40087
0.173746392,39107
0.496776044,53053
0.145699546,31017
0.166756913,38031
0.176651239,26107
0.503033519,29095
0.223975584,47119
0.136979401,16025
0.260954022,45015
0.200775772,28035
0.140661448,29155
0.111553453,29151
0.097023778,17085
0.134150088,20117
0.114889123,31037
0.189509407,33005
0.265835077,26115
0.143606395,36107
0.108423308,53043
0.117754772,5039
0.104082301,48057
0.136441126,32013
0.111460768,53023
0.144444823,26063
0.178757593,18083
0.191965878,51171
0.15670912,36073
0.137422889,48247
0.187586755,56025
0.134931654,47061
0.154800668,27097
0.175926432,18073
0.119587772,31075
0.125978276,31167
0.192569107,32023
0.175830603,20109
0.187922657,5051
0.11332377,31173
0.105180919,27117
0.17668575,47029
0.188556805,37019
0.175479338,47185
0.210589901,26017
0.191476047,39157
0.167790174,56037
0.417779744,20173
0.214488238,28071
0.151501358,40121
0.331699789,26139
0.13254182,16015
0.146396562,21091
0.471771896,49049
0.158906832,51093
0.146819249,48481
0.202568173,45003
0.163257763,12043
0.124079473,16009
0.168101728,17117
0.135513872,48405
0.228320017,22105
0.142704532,40133
0.217225954,12129
0.143159375,54103
0.157583386,19179
0.135011807,19095
0.133929387,49037
0.134924367,5093
0.170383021,21215
0.151621148,28075
0.198212206,51019
0.234158784,42107
0.16732654,28039
0.102115676,30107
0.625496924,48029
0.301474363,37057
0.114818804,31015
0.106394105,19019
0.16657114,19087
0.229754075,48329
0.135738969,20145
0.167608127,1019
0.125840589,19125
0.324709415,48039
0.152430564,21153
0.140157714,48407
0.188192144,35005
0.178574979,13009
0.118241221,21105
0.163422212,17131
0.760761976,25017
0.160397962,30077
0.136604652,1071
0.107733712,38097
0.178326473,17023
0.293548256,8077
0.140485346,18131
0.117461659,31097
0.875899434,6073
0.115195766,13003
0.151438192,13005
0.133320287,31095
0.143418089,17187
0.836465001,12011
0.178010553,54049
0.154247835,16031
0.123024486,38095
0.318313241,1117
0.119954385,31085
0.138560399,47025
0.140609518,38029
0.19134225,8015
0.165253595,39169
0.177323565,51159
0.177123204,12121
0.15986827,16043
0.107077777,51071
0.159310982,2122
0.142725423,48427
0.177248001,18099
0.229183733,48469
0.166449115,36035
0.137796119,55011
0.127926916,1075
0.17674154,41011
0.109846845,30035
0.132955059,5127
0.147087917,51183
0.195131436,12017
0.127527699,48063
0.109611362,5113
0.148455396,16003
0.113337956,38025
0.266704649,12019
0.142612979,40023
0.149297059,21185
0.203810737,39131
0.111474171,28023
0.142640695,20187
0.145099074,51043
0.138528749,19137
0.177026495,39075
0.141525164,18007
0.142352045,47169
0.3773067,51041
0.241233766,42073
0.116592422,50013
0.145967558,47091
0.109877743,53039
0.121820837,46101
0.142394543,29041
0.312788934,37147
0.197910279,18177
0.117918558,29011
0.117661305,39137
0.105985641,13197
0.12603429,13211
0.307221144,36065
0.272764325,42125
0.146663949,53017
0.213131681,17055
0.168252423,12003
0.166737273,47003
0.11750897,27069
0.174053252,12061
0.296205282,12111
0.116496459,31175
0.310612589,46099
0.165164083,8081
0.108642958,16061
0.114697635,31007
0.11873436,40095
0.579033017,31055
0.107439011,46057
0.200492173,39029
0.14690505,37065
0.184897125,55047
0.122384347,48179
0.117585294,46121
0.135858789,22065
0.451344013,51107
0.099956453,1063
0.150374219,39175
0.149161279,22031
0.559958637,6029
0.121932648,28061
0.111501187,19165
0.483080417,41005
0.221896619,32001
0.140944466,48017
0.17722103,17021
0.22306022,26015
0.146429256,48385
0.304915756,39099
0.197956041,19033
0.142220676,38033
0.11622034,8125
0.16534707,56017
0.268878251,17113
0.179744467,29161
0.128870368,5139
0.129945874,17169
0.216255218,34019
0.119294114,17051
0.113120541,26153
0.160871729,37047
0.266203135,37135
0.355040878,42079
0.152372509,19133
0.117522269,20147
0.162286162,29169
0.179208547,17159
0.593992054,26099
0.14813292,55125
0.150642544,48279
0.173211947,42097
0.137652799,51045
0.118019395,26083
0.123016909,20141
0.246014819,49005
0.156521782,39097
0.109198377,27151
0.060434658,2180
0.203862533,27007
0.32839641,36063
0.188385174,13221
0.178116858,39031
0.796937108,25025
0.163155273,39161
0.164941579,38093
0.120066069,35051
0.114034303,51103
0.153844729,8039
0.134346128,28009
0.141351983,13243
0.195849627,37107
0.234167233,18067
0.122755885,28021
0.107604668,21167
0.16918987,19055
0.186083034,5015
0.193890736,19051
0.12087696,26001
0.174991414,37171
0.113013864,1133
0.108531497,19151
0.1889164,55093
0.175938696,48273
0.261050403,30063
0.282392442,18039
0.157302767,47001
0.148006558,19135
0.165925309,31141
0.284472346,18063
0.347213417,26077
0.115527563,46031
0.211080968,25003
0.11622382,51133
0.122175545,39001
0.190409884,22089
0.139150321,48067
0.176202267,21063
0.130598396,29045
0.146364406,51115
0.227914527,19013
0.116697155,31123
0.183727458,37035
0.153070748,12013
0.151615128,56009
0.158881485,29075
0.125104874,31163
0.131743833,30011
0.180220455,54093
0.150190532,26127
0.107804157,54053
0.133278981,46115
0.141905129,13079
0.164617047,29105
0.179180205,12035
0.132886276,29163
0.167769805,49051
0.125128672,30087
0.292022705,45007
0.294238448,51179
0.167266414,48177
0.458655,12127
0.188349813,51011
0.471935451,17089
0.340637892,49057
0.121595405,38083
0.152514726,38089
0.149833038,21043
0.157307938,55021
0.147977099,13249
0.321297824,53067
0.235455751,32019
0.150331214,19127
0.126473919,21095
0.236207768,41033
0.144937202,48483
0.117781647,38043
0.149992481,31043
0.154982686,27047
0.11889571,21161
0.174595848,36017
0.135217071,31031
0.23536934,56001
0.142209247,8091
0.253060639,28059
0.202844232,13097
0.122294463,2068
0.242623135,55039
0.09028624,17153
0.229736567,44009
0.146956801,13225
0.108401418,45033
0.121438369,20159
0.129309416,1029
0.235402644,18167
0.130516186,55065
0.107541852,31065
0.132328883,55091
0.213083714,26055
0.250057161,33013
0.290450573,37097
0.1766949,28043
0.101541609,22077
0.146713778,1085
0.15481174,29001
0.185103789,8037
0.179996476,48143
0.211364999,27025
0.134384125,13261
0.132973626,5017
0.149622858,1129
0.130413815,49017
0.129288986,48151
0.162152886,51047
0.186353996,29085
0.168839693,55119
0.136568725,20049
0.164376646,27009
0.221598819,55141
0.447686285,18057
0.13199079,51063
0.087986231,21071
0.104981668,13075
0.169666827,37161
0.122495979,40035
0.151475742,48115
0.136630818,55029
0.131964073,29221
0.139050245,13065
0.216954708,39063
0.323051631,36001
0.198126525,24029
0.129695565,20135
0.41749385,8123
0.502614856,19153
0.154125631,17025
0.426036924,33011
0.140449077,39015
0.183571041,27017
0.142600447,40081
0.255024016,39085
0.180009812,20015
0.394768298,42077
0.188925445,26109
0.159998596,30047
0.326049984,39155
0.670595109,39049
0.123295441,30105
0.259283245,48135
0.161229223,27103
0.166968808,48267
0.225836605,47113
0.193350136,48361
0.209300965,17177
0.202155635,55085
0.218820527,47175
0.150160149,24041
0.147761405,13167
0.160987407,47117
0.42734611,39153
0.117055304,21065
0.141551584,47033
0.192435846,51067
0.145423546,1039
0.54050231,9009
0.13122651,38055
0.196080416,39135
0.280709594,18157
0.180587098,12107
0.165453389,12075
0.138753206,27101
0.134013519,39115
0.156284809,46015
0.156247243,39053
0.156405807,54037
0.172182545,50001
0.56331259,8005
0.168995142,28131
0.132128462,49027
0.118694969,20083
0.136007577,1095
0.119359814,31041
0.120488212,51113
0.155769944,27005
0.144374713,8107
0.247709423,17099
0.212594062,42005
0.139940754,27071
0.179610729,22057
0.166249037,39079
0.125871852,13099
0.208328664,24001
0.117925987,38011
0.221791893,6045
0.166417494,38023
0.119708769,20183
0.130922601,48249
0.109709851,37111
0.174655795,50003
0.149947077,26143
0.119467154,5117
0.141521886,46117
0.123305038,19035
0.141134068,51131
0.538482964,44007
0.192374647,16013
0.134245783,31161
0.198164091,39143
0.12347614,40067
0.278587431,55055
0.105317205,46053
0.116611421,1035
0.146063969,8079
0.126255989,16037
0.126977533,22059
0.166374832,54091
0.334551334,18141
0.155988082,18077
0.126731142,20013
0.615875185,34039
0.122935094,20017
0.106310077,48447
0.233978197,45077
0.137055397,2220
0.163750246,49047
0.235364467,39023
0.139096677,19089
0.423764825,22033
0.135435402,45039
0.127234593,17069
0.139864475,46047
0.201204777,29127
0.304712415,12069
0.649784029,12057
0.475400001,41039
0.161619157,13177
0.125515625,38037
0.152631417,19069
0.199984953,36093
0.197740167,24009
0.203805372,48013
0.437111109,18003
0.137245312,48275
0.134553656,29087
0.107247405,31125
0.113007173,29186
0.130508393,30021
0.15665029,30057
0.174045682,38057
0.114304826,41023
0.30802542,51700
0.119876832,54043
0.267671019,39003
0.149050593,48211
0.149986997,48173
0.123812139,45005
0.17131044,41037
0.166181892,1037
0.137915865,51800
0.116762534,21201
0.179648742,18119
0.272668153,48479
0.116297506,31113
0.360012501,17111
0.154432833,16079
0.118121386,46087
0.199424207,13257
0.177938163,41035
0.155655399,22053
0.12861526,41063
0.132808387,17035
0.167169809,13237
0.179593474,55001
0.153038263,20059
0.1753916,33001
0.179779977,31019
0.113936149,31011
0.116766348,13267
0.160917416,20029
0.130690858,55003
0.195719108,5115
0.129344985,17173
0.097171083,38045
0.113259055,48011
0.286515236,1125
0.149443656,37113
0.135176018,37015
0.141585499,29057
0.111511633,21027
0.170805365,47115
0.177435771,48455
0.129168853,8049
0.270634115,48309
0.422967345,6053
0.160043955,31081
0.255608022,10001
0.226101309,34041
0.127428517,19159
0.15030162,17061
0.210761562,28079
0.16096808,18117
0.150293559,47063
0.137351483,17013
0.230495781,26075
0.499241084,10003
0.118567787,28013
0.175553858,40019
0.119689293,29063
0.217349112,37085
0.109260216,46043
0.261878461,47165
0.16299063,49025
0.156631291,29013
0.125302613,8121
0.22783947,55111
0.168926477,45025
0.337572783,19163
0.148221388,39123
0.110567257,30059
0.17712678,20051
0.343714625,27163
0.163924038,19175
0.147999257,21141
0.217024669,54017
0.159307569,37095
0.153093487,12065
0.248479903,37001
0.184170932,48471
0.134975284,31131
0.208811522,40083
0.28787291,12033
0.206110448,42089
0.213704795,12079
0.168924198,27057
0.266039193,34037
0.610778928,48453
0.191661909,37163
0.209844664,20169
0.118299171,5053
0.189440444,13231
0.111688741,46003
0.117790267,19147
0.220816046,18019
0.120048232,18153
0.319510788,6047
0.232961789,13245
0.11593134,31099
0.126223147,47059
0.203255564,20055
0.121560074,6049
0.24716036,22061
0.295177579,37071
0.193646431,41045
0.183732852,28091
0.182850674,1069
0.17153956,26053
0.141172722,42119
0.106914535,20023
0.124120422,48507
0.303411394,39109
0.178409651,29053
0.16958797,36121
0.270730376,18035
0.110955238,28139
0.105786338,36099
0.172021538,51155
0.107990228,48261
0.131183267,6033
0.139197409,48147
0.128680021,30053
0.136259377,8057
0.355256468,6107
0.123281121,17175
0.171065137,19065
0.211554557,54061
0.144245461,26019
0.160867199,56003
0.156712532,5037
0.120607875,17101
0.15620926,29017
0.191755697,18053
0.206601083,48037
0.117521189,48043
0.16854246,23013
0.1471387,39163
0.18020393,48199
0.204330981,13047
0.157194808,55081
0.393226922,39017
0.190323353,39071
0.175541267,48301
0.108890623,19075
0.312467605,37179
0.12621206,21139
0.165037647,55135
0.252153784,22071
0.700570464,24031
0.51116997,15003
0.12135192,31073
0.151650161,5091
0.289289445,53035
0.103796564,2240
0.125627205,30067
0.15034461,5087
0.14194864,48495
0.161465228,47089
0.10822086,54005
0.401660979,41017
0.198498428,48401
0.10799399,32017
0.172653377,40079
0.142197281,17127
0.142889559,13301
0.196450949,37049
0.146718383,18101
0.14236483,17049
0.318317026,24021
0.141430035,31105
0.111692935,48457
0.145398974,22093
0.117351778,16035
0.245486557,26023
0.175532505,37009
0.5358814,25021
0.646634161,27053
0.117006905,30045
0.20886457,47011
0.134538561,47023
0.112334177,17193
0.137562528,19093
0.139399126,30055
0.135829255,48071
0.169770926,29187
0.242549583,17029
0.145651355,48123
0.416365445,48491
0.176704571,55031
0.112565868,29185
0.15181914,48103
0.111621521,40011
0.161509275,18169
0.114243157,17015
0.134956539,22043
0.190236896,16021
0.402609289,33015
0.168143421,48087
0.125890255,31127
0.14299874,12037
0.226591349,48251
0.557534039,34031
0.143071264,27153
0.132117003,20047
0.272862524,9007
0.197598517,48223
0.113402657,29173
0.237717509,17143
0.108794935,47097
0.20249404,1055
0.161410645,48169
0.146355659,47107
0.22211504,17081
0.147641361,37153
0.119619511,38021
0.237604439,26067
0.191208199,47145
0.208778366,48213
0.888301253,12086
0.152935088,13093
0.173252106,18115
0.122533306,28141
0.082507774,2013
0.185710043,48073
0.231212109,46135
0.231016442,20209
0.161253631,51065
0.112230651,20167
0.178648844,48259
0.172690317,55015
0.612576544,13135
0.126212433,1013
0.138211712,55078
0.128680408,36057
0.130033761,31135
0.111073442,8061
0.163823426,21155
0.193752393,48001
0.227593005,55109
0.175227106,19123
0.145617738,54059
0.146242201,17005
0.138212502,2198
0.257903099,39025
0.152267978,39083
0.111867458,28157
0.127746999,45011
0.14416565,28007
0.187907174,47099
0.120929874,2100
0.144031838,5057
0.168505594,38039
0.118687078,21133
0.126887605,48207
0.087488703,22009
0.149638176,36089
0.150260314,27113
0.424159884,34005
0.161726236,48445
0.344588101,12081
0.258521914,27137
0.192108035,46083
0.196302995,34011
0.230631426,37145
0.099281587,13279
0.178805217,5145
0.121362358,48195
0.135174304,17065
0.180024117,13255
0.129797041,13149
0.167807579,37195
0.171661153,17133
0.177380428,13247
0.241823077,18095
0.165356487,38073
0.179400787,37033
0.107760273,29065
0.127139181,29117
0.204234213,40131
0.161185235,19015
0.111599565,46045
0.111529768,54071
0.158804715,40039
0.126208782,48127
0.246836975,26021
0.139375687,45067
0.11019212,27029
0.254945159,17063
0.170431703,46027
0.168600142,49045
0.414797127,6095
0.155745789,53047
0.201232433,17001
0.252132624,27141
0.154085591,27099
0.176058069,41027
0.773571789,26163
0.099021688,20131
0.137376443,31155
0.150764406,18051
0.113174997,17067
0.148396447,45057
0.105616547,31059
0.099387594,38063
0.157327369,26009
0.254063606,30041
0.664640844,6081
0.116107695,48351
0.14471972,1067
0.167287603,47035
0.231744826,48245
0.372064322,26161
0.196654961,22109
0.118123889,20069
0.174246863,48379
0.112305559,6043
0.122327402,12049
0.154315323,42131
0.181621909,12087
0.117380463,31051
0.117673188,28159
0.119544879,55107
0.167428896,53027
0.316830605,47065
0.105067872,38013
0.131231025,21045
0.126196429,48387
0.371237487,55087
0.104124993,13105
0.168383062,19059
0.175493807,48049
0.141290441,31145
0.140704751,16071
0.240040377,26111
0.14672181,38099
0.113202713,47129
0.155076846,39127
0.122072272,16029
0.160742268,39087
0.138885394,16041
0.158566222,16057
0.210910201,27013
0.112265825,30091
0.144514784,22011
0.180575341,18135
0.121960491,16059
0.137531355,38051
0.245024934,22073
0.176192343,54019
0.142378852,8095
0.220345527,36013
0.168528631,51137
0.187761575,29101
0.136974171,48159
0.220757872,16019
0.114686854,31021
0.161417603,18113
0.139703587,30033
0.157135248,6027
0.36755541,53077
0.213214681,54003
0.173558563,16039
0.110978089,21031
0.106733039,55099
0.216423839,36115
0.123491637,46025
0.509985089,22051
0.125680402,28065
0.113549449,48503
0.333025962,45083
0.133385256,28143
0.124906428,18031
0.38522017,55133
0.171253666,1083
0.128648043,40105
0.40115279,8035
0.13803573,19091
0.328399181,6113
0.217244416,8043
0.130387858,26039
0.272171766,13151
0.158210158,48203
0.156024963,17079
0.173652843,54021
0.162044361,48117
0.183268785,51760
0.125289336,20097
0.181966543,37043
0.299949914,28033
0.164932191,13315
0.181777552,20095
0.130505443,48145
0.16768451,21123
0.140252039,29199
0.166184023,37173
0.325165063,38017
0.509270608,36055
0.383051068,26049
0.1373377,48281
0.167530358,2130
0.133204103,31013
0.170890331,17109
0.156494811,40031
0.141530365,49043
0.164217174,48415
0.220755562,54011
0.116062291,38061
0.147265226,51167
0.172592923,54067
0.124386847,16047
0.126322627,29081
0.594924867,20091
0.1097285,26131
0.159345224,51145
0.525785804,42045
0.197424412,1049
0.112070218,29025
0.197655961,23009
0.144489378,5035
0.116312914,54095
0.137111634,19007
0.319923997,23031
0.125021368,13023
0.263351411,16083
0.136509389,48425
0.652545273,29189
0.142916426,23007
0.385964632,45051
0.120413385,20071
0.349572927,30111
0.155454576,32005
0.112698771,6091
0.129712805,22119
0.166495755,35006
0.203219026,12125
0.131546006,28163
0.151262417,41031
0.144061223,31061
0.143235475,54101
0.147637233,17011
0.244013906,27085
0.144070297,17203
0.210156739,4005
0.243339539,36069
0.181405187,5027
0.150366649,27073
0.159797326,20175
0.107498474,40127
0.234158874,42081
0.149350211,13227
0.20345515,26155
0.312688291,26093
0.133075744,38005
0.188516945,6009
0.177495748,13297
0.132350698,37177
0.160723612,47077
0.16260016,47075
0.503036618,6061
0.415754557,27123
0.151741132,16011
0.123256467,5089
0.159050062,31005
0.259386748,23011
0.118555114,8065
0.141004488,13229
0.135328531,42009
0.194886684,35029
0.158435345,51079
0.099146895,29197
0.135984957,20123
0.201372057,42015
0.168201834,8033
0.082713403,2060
0.12806724,21087
0.177374661,24023
0.125551343,29171
0.232325137,26025
0.865982592,36005
0.144320011,49013
0.366665334,17119
0.181110799,20171
0.148280501,21175
0.110627003,38103
0.198543921,18005
0.160667866,13173
0.895490527,42101
0.138357893,40117
0.164674997,17077
0.172704279,36117
0.123598576,54089
0.10774079,21219
0.228962466,37191
0.178833589,31115
0.193369716,19193
0.207775831,13277
0.156319514,49055
0.22251457,54065
0.153885931,26007
0.156530008,21021
0.178739309,17155
0.267146647,29019
0.143980995,47127
0.162116691,21003
0.136624768,29215
0.128172383,19195
0.203590259,37077
0.177820638,18111
0.105412938,54009
0.115013391,48359
0.138332427,28101
0.135556877,39067
0.111749597,2261
0.112915434,29073
0.111891843,36041
0.14940837,19003
0.165805891,51025
0.123169452,37041
0.116298884,40137
0.263513178,34001
0.140079871,31083
0.17759043,48171
0.509094119,24003
0.099886805,1099
0.30872345,48167
0.129643813,21119
0.114107549,46063
0.202706173,13153
0.151491821,48433
0.111708023,1061
0.635873914,37119
0.173136219,21183
0.155600518,21107
0.158897758,29007
0.210114673,27065
0.19000645,51061
0.190315232,45031
0.12921077,28005
0.120426401,41049
0.130388409,22115
0.260411382,39045
0.17628701,47053
0.219787076,48485
0.112524368,48391
0.171789661,17039
0.102020711,13007
0.141889155,48105
0.421756476,12009
0.154960558,28137
0.168044746,40113
0.160733745,48473
0.194030285,13015
0.130325705,35031
0.203898579,29175
0.307806015,22103
0.244684681,18081
0.122347891,49033
0.138825074,40063
0.219776526,12089
0.167991906,18015
0.115382321,48193
0.12683256,13293
0.179732382,37133
0.152176961,22095
0.234086275,27109
0.110923529,1087
0.208131865,39037
0.163757294,48357
0.120632403,48291
0.143568948,51007
0.157589927,39047
0.17436932,39005
0.196884766,8014
0.134868294,8011
0.111346811,13163
0.148332387,13189
0.260741919,6057
0.120733567,21011
0.150030121,31111
0.575023949,18097
0.12615025,31147
0.223338351,13077
0.18861258,47043
0.129381761,28135
0.253017396,9013
0.143085673,30015
0.129598394,20137
0.275912732,29097
0.130770594,54013
0.143780082,24039
0.238701195,26045
0.126253664,35017
0.183589235,48347
0.119375497,21007
0.177365586,39013
0.128631651,31039
0.158499375,29141
0.188732862,17135
0.431847781,42029
0.176862404,37027
0.124458827,19047
0.211527243,37159
0.158517197,36011
0.234463826,5071
0.164808378,48463
0.174375117,51073
0.156812698,45041
0.113330983,42059
0.212931558,37189
0.161796972,30037
0.139097378,13283
0.117219903,17123
0.140652344,19121
0.152093709,36021
0.229582399,21059
0.247897491,13073
0.129862085,17027
0.146478653,29111
0.249687523,48139
0.180133849,46081
0.124928169,48219
0.147121549,56035
0.125282764,21237
0.102378391,26097
0.188242778,53025
0.145891786,22099
0.129024088,21023
0.150767401,21069
0.280081391,55063
0.159317359,13129
0.246651828,19049
0.146876916,48435
0.203364491,27035
0.134657487,37073
0.415118515,12105
0.175983801,45055
0.114721715,19077
0.112028383,48031
0.178977817,29027
0.142152831,48487
0.170134276,17185
0.145201266,54073
0.09587989,27021
0.119061656,37011
0.177738935,18087
0.292494535,49053
0.13104631,48501
0.116074137,27107
0.146639496,19029
0.171677366,26137
0.200005397,27131
0.122359425,29203
0.175557747,51185
0.14128615,47085
0.138576195,40007
0.219219968,37141
0.461874962,25023
0.30036664,13117
0.141277045,22069
0.098740526,46023
0.215363085,35045
0.50700593,40143
0.127171189,28125
0.098745674,27089
0.152811065,20005
0.49986136,8013
0.154497057,5083
0.137901485,20197
0.277180642,6055
0.155725926,36003
0.193410575,48183
0.389231831,41029
0.156350985,17053
0.112186,1023
0.129996911,20033
0.137694985,47137
0.245664522,26087
0.139734566,46075
0.270373255,1101
0.218245313,6025
0.119869031,56015
0.119923562,28019
0.147049874,48137
0.143958583,48233
0.135741174,48461
0.177544758,55067
0.134798363,30007
0.125579685,19083
0.162669525,37059
0.192775562,31157
0.201311216,39101
0.338406295,48303
0.127817377,21181
0.158617914,17199
0.130697295,36049
0.391560704,45019
0.118899815,56031
0.251191586,35049
0.212575302,45013
0.128247902,28161
0.149569184,47171
0.188861966,18093
0.138568759,21235
0.145716041,47007
0.157262832,46137
0.397014439,24027
0.146320045,28011
0.148617059,8117
0.134045228,18149
0.146591693,39145
0.124495625,50011
0.163525,13013
0.141109422,19189
0.169355452,4001
0.649620295,4019
0.172500461,19031
0.152133718,22087
0.21598877,26037
0.163142458,5063
0.156320989,6115
0.123100773,5147
0.137168899,26159
0.178352311,29209
0.131363943,48197
0.165217638,20105
0.402015448,12101
0.127516702,35037
0.171994731,27115
0.476636678,8069
0.216702625,29051
0.173247322,1051
0.17374672,29121
0.199072361,39141
0.250725418,12023
0.112598248,20179
0.143693745,42065
0.242999181,19169
0.17733559,1059
0.134807199,13091
0.114827529,50017
0.600588083,6019
0.197556272,31177
0.103195705,22085
0.159045532,40147
0.195504814,55097
0.124312915,20075
0.156989083,45043
0.122737549,30079
0.207332432,27027
0.143467844,20127
0.162336498,13179
0.117568567,48263
0.14192313,1079
0.097393252,31107
0.152937829,48019
0.125864983,20153
0.191397682,36053
0.117581628,48403
0.142355651,47027
0.14000158,22111
0.21003668,8097
0.132168293,39069
0.144944862,19131
0.192847461,5079
0.110858843,47005
0.188703224,21217
0.14310801,35007
0.152636826,22003
0.186900049,1021
0.180662856,51173
0.138994977,26027
0.134278387,46079
0.447795302,49011
0.123089314,22021
0.141002938,27039
0.156306997,29109
0.111818172,54047
0.096583322,27081
0.112816639,46071
0.116892375,13061
0.118727371,39021
0.225602508,39007
0.131516933,13125
0.148284674,31149
0.137365282,21051
0.168111697,27133
0.161097765,13081
0.140061468,31159
0.305579364,55059
0.095990807,26101
0.168533549,38007
0.178314522,27161
0.176439881,47155
0.128462762,48331
0.117800184,5129
0.128234908,40003
0.174955338,48321
0.164106712,38069
0.196404055,20125
0.180399448,17137
0.130886257,47079
0.192254007,37127
0.140691712,27091
0.181760684,16005
0.148545548,20065
0.147401214,51077
0.152761191,42067
0.159860969,48299
0.125374258,48059
0.375893712,47093
0.17025438,6021
0.111978479,29089
0.185137302,37013
0.141969234,20011
0.954218984,6037
0.177624851,13171
0.104890227,41021
0.155387789,19145
0.1731316,48021
0.157241896,48477
0.115454309,21127
0.189439207,18029
0.096069582,20043
0.245275348,13215
0.144485533,47049
0.151013806,20021
0.197605982,45059
0.147270352,48045
0.237457126,9015
0.121241428,18045
0.147846743,19141
0.130633727,21039
0.359815478,16055
0.111124061,26079
0.524630129,6097
0.158305362,30023
0.212777913,19103
0.107225001,46009
0.192939818,42117
0.246702611,54107
0.124819197,27083
0.141660422,54109
0.169757783,26061
0.154781133,48187
0.298480809,13223
0.130106494,41061
0.202063203,13295
0.134790584,21137
0.144738257,33007
0.123491898,20203
0.218284234,22015
0.126433104,54023
0.707629502,11001
0.178424582,37089
0.507556021,24033
0.141412064,30027
0.134486347,45029
0.188466996,51057
0.14630951,30095
0.175021127,54083
0.108663693,28129
0.138877034,13141
0.126223311,19079
0.202582553,48231
0.129683316,19119
0.135982826,40055
0.136508569,48047
0.117700823,30003
0.111671671,40005
0.138463467,55069
0.20024927,41019
0.103697114,26133
0.116033524,40001
0.142055929,21189
0.152196586,38071
0.124071643,25019
0.133506119,18159
0.208982825,12055
0.112125941,47081
0.132190302,8047
0.102733918,17041
0.860176504,48201
0.105953813,31181
0.097011112,19023
0.166017592,40135
0.153402194,29129
0.156216457,40065
0.785484314,6075
0.493954092,8041
0.156480819,26141
0.151625291,47167
0.144048065,37087
0.196073815,51187
0.155802652,19001
0.162026957,47095
0.146035567,18013
0.24929063,39139
0.177126274,56043
0.149866015,40093
0.179295063,28087
0.155636087,1017
0.16931051,37131
0.117967688,20003
0.150765985,27023
0.209504589,36051
0.165885165,20195
0.115561746,8109
0.142623678,41041
0.162924752,8075
0.115249336,38053
0.30957377,51550
0.160777539,13071
0.179286852,51740
0.14601557,5011
0.144710243,6003
0.155930951,21195
0.256106973,33009
0.143683508,48317
0.18304567,29009
0.140196651,30071
0.188396379,51109
0.234926984,51770
0.163524047,18145
0.217560247,32510
0.170537114,56029
0.171738252,36095
0.16915679,26123
0.692873359,34013
0.401290208,48215
0.187400371,29219
0.142477885,45069
0.102350809,46077
0.260703832,6031
0.187246621,42063
0.139863253,13165
0.177706912,26031
0.133359566,48287
0.175670177,48409
0.10829182,30019
0.123006828,28147
0.221518919,1081
0.112351432,21131
0.173605025,19099
0.101544589,46095
0.150132686,55137
0.126094639,17107
0.123574018,28055
0.20380871,51029
0.167576194,46123
0.266908407,40145
0.178632125,13291
0.133938566,30009
0.22272791,40017
0.668475807,41051
0.101549849,47161
0.163817734,23015
0.196469158,42039
0.124207415,13049
0.187703833,36025
0.160445094,26029
0.181210428,29167
0.102627419,20191
0.170092389,37121
0.124347158,47101
0.166992053,40051
0.271755248,5131
0.105473608,30085
0.178394988,31047
0.220663413,41009
0.201802298,19045
0.129153743,46055
0.326225996,34015
0.146015599,31033
0.197929427,42025
0.506210387,26081
0.120228983,48341
0.257235467,12053
0.119899027,13111
0.105320051,13193
0.171977356,48007
0.139295146,17125
0.464965224,1073
0.201482728,29037
0.181307912,17103
0.146823943,21143
0.252744675,36075
0.12919268,45049
0.098966114,2185
0.151462436,20151
0.176573813,48217
0.217214197,17037
0.349707961,18163
0.136667833,47105
0.155027479,54051
0.203296676,35028
0.158225611,16075
0.117355995,55043
0.122557476,27129
0.162834838,48163
0.134163082,55121
0.255439758,12113
0.156286716,42115
0.105655074,27173
0.17866461,46013
0.157377139,29181
0.243959934,27079
0.274624616,29071
0.105147958,46109
0.573866725,12031
0.158013523,54041
0.165697113,31129
0.133630961,46105
0.16166538,24047
0.191959277,35055
0.146127477,5121
0.400529921,39151
0.503151417,6083
0.134771913,47087
0.186745271,37023
0.135787755,21203
0.176181674,13143
0.31257093,50007
0.129743904,22035
0.147884488,41007
0.115129746,28097
0.145022914,19081
0.126658231,47151
0.141333237,20157
0.134736866,46069
0.11266233,49015
0.232381374,27059
0.118076041,40029
0.125329018,26119
0.16125226,12119
0.143333361,42023
0.192115575,47009
0.192452848,35061
0.11916358,1057
0.103202067,48373
0.1278148,55103
0.198869184,6101
0.200754806,48465
0.155549005,1025
0.131899282,15007
0.117486872,4011
0.312665433,39165
0.174549848,54099
0.121571861,13199
0.145195439,27147
0.302676648,48355
0.169236019,37181
0.507684767,13067
0.141968995,28057
0.21205835,26059
0.173948914,19101
0.493158519,37081
0.128989846,45061
0.135757521,23003
0.118646182,48393
0.198650986,40101
0.331031382,10005
0.148538411,47139
0.10069485,8093
0.140952826,8103
0.124835171,21187
0.167274848,18109
0.160777077,48075
0.120725319,21017
0.121120095,48505
0.114166886,5075
0.224714994,13157
0.117673486,35053
0.235690072,19061
0.129765823,31069
0.122234017,20025
0.129301831,51091
0.359398603,39093
0.155216992,20053
0.323769301,19113
0.19720611,21035
0.185401618,29067
0.141752452,46033
0.150480062,20039
0.341140598,36071
0.131215483,51125
0.122035056,27159
0.17776683,19117
0.132813469,51036
0.137936682,20079
0.124262653,28027
0.159322605,22037
0.167297393,23017
0.184577882,17141
0.363477618,42049
0.120496735,4023
0.141435847,22117
0.160404801,26135
0.182524592,36097
0.286185622,48423
0.145587057,27055
0.185260013,17157
0.112011164,46091
0.153256953,18183
0.17421189,26071
0.139967799,39059
0.163211614,45089
0.155369669,39171
0.199948624,2090
0.184160739,46029
0.103968181,51135
0.135582656,8027
0.247128844,39173
0.162590802,39011
0.213693678,26091
0.542741179,55025
0.320277482,31153
0.188424647,35027
0.122403175,5149
0.216068015,35009
0.187523514,13063
0.105461873,19005
0.137006432,40059
0.433898866,6041
0.253408611,55101
0.131698951,37137
0.135991305,37083
0.244656175,28105
0.1789653,55083
0.290750444,55139
0.153379604,28095
0.056730714,2290
0.099208489,46067
0.159585238,5141
0.138749853,21165
0.13905859,56033
0.204295263,26157
0.118398555,5081
0.175407887,13087
0.255672157,55027
0.272210866,39057
0.15828836,47031
0.110582821,29061
0.258615315,4015
0.109838203,46089
0.158519432,39077
0.13547267,30065
0.384310305,1097
0.163149357,45047
0.453845382,34007
0.182480663,1001
0.121729828,46111
0.182467148,37139
0.110973857,20115
0.153496429,12067
0.338538677,47149
0.539502382,13121
0.145541072,21163
0.126364902,35003
0.17633602,21173
0.10643591,20073
0.204416797,1009
0.134256855,53001
0.163361281,47141
0.153017655,21207
0.194114953,40041
0.155347571,48307
0.100634739,22039
0.193574429,6109
0.126336738,36105
0.142585456,13155
0.134988829,38001
0.276735634,30029
0.112992294,8017
0.162226081,36101
0.232256323,13011
0.126645073,16007
0.122621335,13027
0.196071044,22005
0.380792469,48157
0.153246179,13207
0.155250832,13145
0.198477104,18033
0.120265305,29033
0.229967177,29021
0.121378705,38085
0.10483101,28093
0.102371775,8023
0.105954789,31003
0.160889745,13159
0.144690946,21125
0.108419068,30101
0.165258601,19067
0.245802626,22001
0.134998918,40129
0.187609687,31079
0.206040129,47109
0.146937534,32027
0.137104705,8063
0.114296675,31087
0.178092122,39065
0.320473105,12083
0.135156512,20207
0.206103593,18085
0.201250002,4007
0.196556225,13127
0.115380965,21135
0.116460592,18023
0.188406512,18091
0.193778902,5055
0.121197753,8021
0.098782986,5003
0.158092052,1091
0.161521912,48493
0.16642575,41015
0.136652634,13037
0.127679184,28077
0.154418468,37099
0.160809934,25011
0.145853519,51147
0.2930803,42019
0.131417558,8009
0.118867978,27155
0.129022866,13033
0.175187618,47051
0.244626746,6017
0.129326418,47017
0.242023706,48441
0.177619904,48009
0.145415634,37117
0.147477403,19011
0.616368175,42091
0.175407276,35041
0.143305093,47069
0.154595971,37143
0.150189847,31071
0.161388725,48093
0.519434929,42011
0.114180438,35033
0.133580059,48371
0.136230379,48311
0.107619576,31063
0.121212386,13201
0.25047797,28047
0.19223465,39043
0.108359382,38041
0.568258584,6077
0.164828464,40111
0.120096117,48077
0.149139866,30097
0.143384203,48319
0.160433903,37061
0.134608969,19173
0.199470371,36039
0.201114923,51117
0.148783922,51097
0.120096378,38087
0.112943009,5101
0.134504721,37055
0.167379245,8119
0.145022139,13019
0.115301557,55049
0.180535391,39149
0.145124868,22127
0.145373091,54077
0.393292367,29077
0.150164217,29123
0.138566107,30017
0.180070534,28151
0.125461176,32021
0.11235819,13133
0.105633698,31035
0.129909337,20027
0.291970313,45091
0.306459814,48381
0.275328159,41003
0.214077473,47125
0.11309094,42113
0.164946973,13259
0.110534899,46119
0.15891704,4017
0.150472119,31165
0.581005275,9003
0.343946159,13051
0.13990131,37187
0.247097328,20177
0.14765957,6063
0.145953238,48243
0.183147907,28113
0.114254504,29179
0.291599959,24013
0.155022621,5059
0.158905372,48383
0.158965215,6103
0.128496662,21197
0.19104071,42099
0.163777545,21001
0.142037839,36019
0.143729806,54085
0.198537111,22113
0.307109296,47187
0.200128242,28149
0.115725853,54027
0.215553239,41071
0.132298946,48107
0.167668298,36033
0.446659476,41047
0.153328314,48101
0.153697953,51027
0.132202491,55123
0.169992179,47147
0.121669091,48289
0.400712073,29183
0.149225876,49031
0.138089716,17073
0.192662627,34009
0.151934654,8071
0.150710508,55115
0.125246808,55129
0.147612274,48413
0.199325725,29113
0.112623729,54031
0.122496106,28111
0.354115933,5119
0.162391216,27041
0.159162879,39027
0.116208978,13303
0.201385468,18043
0.251535773,36109
0.122883081,28031
0.121364512,1065
0.132885993,16063
0.14036487,56039
0.141134888,55013
0.160762519,16087
0.16100727,37079
0.190392345,48055
0.249766976,8101
0.17146641,47013
0.105115943,46073
0.122639492,5025
0.121308431,55023
0.134859502,27119
0.133191004,48313
0.197993904,20037
0.44525677,32031
0.338729322,36087
0.132480562,55007
0.19964987,21073
0.141321242,39121
0.209495217,13001
0.43697986,48339
0.164000496,13025
0.131731674,40069
0.132044226,29205
0.229295716,4027
0.13257575,41069
0.196828872,55071
0.164451703,29055
0.173036516,18133
0.120870419,48475
0.164226204,19183
0.162377119,37149
0.19261755,48189
0.159008503,18139
0.116398096,20089
0.164313823,21101
0.238897204,6039
0.475698411,34027
0.157162815,51139
0.28263393,23001
0.119960465,26095
0.166068718,29131
0.138379991,18181
0.154672876,17057
0.12233907,55037
0.300517708,25001
0.221993014,49003
0.097909555,13205
0.777105451,34003
0.120093934,40107
0.157429054,20133
0.100786664,2105
0.280296206,23019
0.176600873,48097
0.143271968,55041
0.287149966,29047
0.114832669,54029
0.152414203,29003
0.115064792,27051
0.161737561,13101
0.160457224,1093
0.129021421,12029
0.146517381,5049
0.140964791,19027
0.183296874,28003
0.131839126,17075
0.115937211,31185
0.104268491,56007
0.331867933,42069
0.879813373,4013
0.075810462,2070
0.263005465,42075
0.184466437,47123
0.179856941,19041
0.199779525,13299
0.134398714,25007
0.243848696,18127
0.296505809,17163
0.170544505,21159
0.42330116,12071
0.108398147,22107
0.532852054,8059
0.110255092,35057
0.383589983,45079
0.166163161,21019
0.137704507,45073
0.154560074,27121
0.144680262,13271
0.727486908,49035
0.153819337,45087
0.172005102,17045
0.162884623,31001
0.193444863,26117
0.152818725,44001
0.14567551,35019
0.26957339,42055
0.168131813,53031
0.162693501,19073
0.231693745,13059
0.194171429,29029
0.141670182,13209
0.123915575,53069
0.140282214,46051
0.132603273,40025
0.128637075,19017
0.133102357,20113
0.13920778,13307
0.121256568,5013
0.132636711,48149
0.193197459,30013
0.181422323,37039
0.592904985,35001
0.176284388,38065
0.122229964,46041
0.132772803,5099
0.161388338,48175
0.120388538,28153
0.13629967,48365
0.30012697,28121
0.138504922,22041
0.150815174,20189
0.156615257,29049
0.132279143,28015
0.109140672,38075
0.286407143,17167
0.154411674,46097
0.139952421,13281
0.188472688,1043
0.150523871,45009
0.159340709,28017
0.219345674,42013
0.129061744,17149
0.184820071,13275
0.155761257,50021
0.136345983,16073
0.170905516,18061
0.120579377,53013
0.112007059,53049
0.172686875,13181
0.196687654,13217
0.188345417,54055
0.497976542,16001
0.35475716,36091
0.168075085,5031
0.166343927,48119
0.10720221,40015
0.224724889,55035
0.136308283,28117
0.161268041,12027
0.197587267,13131
0.289317816,22055
0.181041598,28107
0.159837976,30093
0.199965864,26165
0.155951366,51001
0.159416482,37115
0.103480108,28025
0.161899567,26085
0.13737984,5105
0.165141836,48271
0.117791891,48411
0.147934288,48337
0.136311933,19053
0.164098948,56019
0.177342385,27049
0.178036794,18069
0.224647075,47189
0.183281124,55005
0.139939815,18173
0.157413527,27095
0.135946035,21075
0.147117555,13241
0.209253609,21081
0.080781452,2050
0.2620233,51650
0.167947724,21115
0.347073346,40027
0.171759725,28001
0.164345041,5103
0.123552971,1011
0.162107781,53055
0.151578128,32015
0.171540901,36043
0.124006234,40043
0.219212592,21029
0.180597097,53009
0.139123797,5069
0.164741293,20181
0.105556287,20081
0.17937474,6035
0.205689549,29147
0.121091917,45023
0.152098,38101
0.119858325,12059
0.11802806,17147
0.198786765,27169
0.161097839,45053
0.162762061,47083
0.679946125,12095
0.111167535,21025
0.121563174,30051
0.307187766,39041
0.253721237,42027
0.180842668,42083
0.197821736,40037
0.119855501,17083
0.192217633,13313
0.154939175,48277
0.164120242,51169
0.144964948,18071
0.132976145,27075
0.122869335,29059
0.148941994,56041
0.150132656,29005
0.10469643,13107
0.105359353,19025
0.191677719,1127
0.246722877,25015
0.1712441,40099
0.131791577,37103
0.132419825,21033
0.13932237,53003
0.115646146,13273
0.156366318,19063
0.145760134,26033
0.100378729,27127
0.110740453,22047
0.165698022,37123
0.136576533,5077
0.153422534,38077
0.134014517,18047
0.196597904,45035
0.164294317,53071
0.157342792,19191
0.141383588,47057
0.193156883,53015
0.163847908,26149
0.198390514,17195
0.111174047,20041
0.332888871,55131
0.167290971,47071
0.215589121,21145
0.11963778,37007
0.112204686,47041
0.153013945,31137
0.150897861,29195
0.164299443,36083
0.175058946,39117
0.139439732,21169
0.189279586,13031
0.142364815,50015
0.149642587,38003
0.135878623,5061
0.151901364,39073
0.125808418,46127
0.172521114,28067
0.218330413,22079
0.191105217,37045
0.121014059,31103
0.14249973,48437
0.106225535,8111
0.568199456,51013
0.181188911,39159
0.174755648,39019
0.127669543,48081
0.14054729,13183
0.122969091,47111
0.157881737,48253
0.319155604,12073
0.23492296,55117
0.167763188,18155
0.149398565,13083
0.332787424,24025
0.128430218,41057
0.121639818,5001
0.18054381,54079
0.122203425,35021
0.164053872,37169
0.142529532,48297
0.142509401,21099
0.200992674,40021
0.239862889,54039
0.22336252,17115
0.112937063,38047
0.108555622,18175
0.201921895,37197
0.131995857,17071
0.166486576,5123
0.114100024,22067
0.125283614,31101
0.12072131,30061
0.17669864,48375
0.096807338,6011
